time,open,high,low,close,volume
1597708800,2.09,4.44,2,3.1,6039881.97
1597795200,3.1,3.1999,2.64,2.95,15895774.92
1597881600,2.9449,3.1111,2.6,2.9,11040863.6
1597968000,2.8978,3.09,2.6826,2.833,9765153.74
1598054400,2.8387,4.55,2.782,4.4546,41611476.51
1598140800,4.4756,4.4864,3.7032,3.9779,23845309.65
1598227200,3.9805,4.7983,3.78,4.5759,25843953.12
1598313600,4.5759,5.77,4.48,5.5412,39457369.99
1598400000,5.5412,6.57,5.1015,6.0708,37811519.74
1598486400,6.0708,6.8,5.2001,5.6547,42626336.42
1598572800,5.6569,6.35,5.462,6.1812,24019172.63
1598659200,6.1769,6.556,6.0032,6.1333,15360444.96
1598745600,6.1339,6.251,5.6999,5.8912,13266535.91
1598832000,5.8875,6.4662,5.7541,6.2718,13564047.71
1598918400,6.2712,6.8619,6.12,6.239,16330264.82
1599004800,6.24,6.4472,5.58,6.1374,15500500.04
1599091200,6.1375,6.3325,5.5471,5.6743,21239867.51
1599177600,5.6743,5.99,4.5,5.1019,28314850.39
1599264000,5.0987,5.3147,3.5321,4.1456,32791302.31
1599350400,4.1456,4.921,3.7298,4.784,23608694.54
1599436800,4.7849,4.8367,4.001,4.5944,16089613.82
1599523200,4.5967,4.6339,4.1067,4.2787,10449746.7
1599609600,4.2657,4.7935,4.077,4.7003,11225976.14
1599696000,4.7003,4.8894,4.4308,4.5796,9912392.07
1599782400,4.5781,4.75,4.31,4.6498,9013005.18
1599868800,4.6433,5.296,4.4998,5.1385,12566058.18
1599955200,5.1379,5.4771,4.7668,5.3213,16262645.74
1600041600,5.3198,5.5761,5.0911,5.3555,14288009.6
1600128000,5.3597,5.45,5.012,5.0535,10306445.21
1600214400,5.0535,5.28,4.9578,5.0712,8102718.15
1600300800,5.0739,5.4261,5.043,5.3354,10973999.33
1600387200,5.3313,5.455,5.0939,5.2616,7241901.56
1600473600,5.2595,5.264,4.7862,4.924,6124417.44
1600560000,4.9205,4.9707,4.3715,4.6518,11400427.77
1600646400,4.656,4.6969,3.91,4.0691,18249034.01
1600732800,4.07,4.2103,3.9,4.1625,8023448.28
1600819200,4.1623,4.3241,3.94,4.0077,9432617.01
1600905600,4.0128,4.49,3.9616,4.3782,8363967.02
1600992000,4.3784,4.5299,4.241,4.4139,6666492.08
1601078400,4.4139,4.4819,4.224,4.3308,3890876.06
1601164800,4.3329,4.3641,4.1152,4.2962,3814327.15
1601251200,4.2999,4.5939,4.2474,4.4501,9835916.81
1601337600,4.45,4.6112,4.331,4.4969,7753017.85
1601424000,4.497,4.5,4.2288,4.3458,4418266.77
1601510400,4.3459,4.5858,4.2317,4.3468,7358246.56
1601596800,4.3427,4.3621,3.8882,4.1282,7748588.83
1601683200,4.128,4.1349,4.0263,4.0607,3078936.51
1601769600,4.0606,4.199,4.0111,4.177,2792994.5
1601856000,4.1744,4.25,4.106,4.1621,4362181.16
1601942400,4.1589,4.18,3.606,3.7465,9256379.98
1602028800,3.7461,3.8964,3.6,3.8517,8599075.85
1602115200,3.8538,4.1625,3.6333,4.1163,8531658.6
1602201600,4.1145,4.35,4.0087,4.2541,6400372.85
1602288000,4.2546,4.489,4.23,4.2606,5182487.56
1602374400,4.2579,4.3355,4.1683,4.245,3675666.58
1602460800,4.2464,4.4501,4.1899,4.3075,6228123.12
1602547200,4.3099,4.3464,4.1302,4.2473,4643179.26
1602633600,4.2515,4.3795,4.0836,4.1829,5239195.66
1602720000,4.1816,4.1873,4.02,4.099,3826663.78
1602806400,4.099,4.1562,3.8,3.9106,5544038.18
1602892800,3.9132,3.9799,3.8607,3.9663,1738606.63
1602979200,3.9652,4.125,3.954,4.1068,2456005.5
1603065600,4.107,4.1229,3.9501,3.986,2740611.47
1603152000,3.9843,4.149,3.8641,3.9034,5741108.49
1603238400,3.9034,4.26,3.8907,4.1352,7288864.8
1603324800,4.1329,4.338,4.1234,4.2683,5757990.79
1603411200,4.2696,4.48,4.185,4.2633,8353056.52
1603497600,4.264,4.43,4.2381,4.3536,4486543.97
1603584000,4.35,4.4495,4.2588,4.331,4100261.59
1603670400,4.3315,4.7475,4.2906,4.7031,11305772.22
1603756800,4.7064,4.95,4.6429,4.6721,10647012.08
1603843200,4.6723,4.78,4.252,4.357,9278337.14
1603929600,4.3569,4.4115,3.8469,4.0605,10671185.96
1604016000,4.0605,4.162,3.9153,4.0845,7322005.17
1604102400,4.0843,4.282,4.0574,4.1854,3270318.58
1604188800,4.1833,4.225,4.1079,4.2211,2456433.2
1604275200,4.2211,4.2627,3.96,4.0316,5197343.74
1604361600,4.0272,4.0694,3.8842,4.0362,5133339.46
1604448000,4.0377,4.1556,3.8915,4.0969,7425623.62
1604534400,4.0988,4.3,4.0105,4.2229,6288599.56
1604620800,4.2248,4.64,4.202,4.5826,8938274.32
1604707200,4.5837,4.8586,4.08,4.2341,15757508.9
1604793600,4.2311,4.4275,4.13,4.3736,5332066.66
1604880000,4.3733,4.4639,4.2395,4.3463,5918543
1604966400,4.3476,4.5061,4.2998,4.4231,5197286.34
1605052800,4.423,4.63,4.4168,4.4461,6264704.63
1605139200,4.446,4.4758,4.3103,4.4042,4584711.89
1605225600,4.4042,4.5918,4.3694,4.5425,5539505.41
1605312000,4.5401,4.5549,4.3517,4.4637,5232906.42
1605398400,4.4656,4.5027,4.3063,4.3664,4897453.63
1605484800,4.3659,4.6,4.3353,4.4983,6702906.33
1605571200,4.4986,4.9348,4.4882,4.8569,13923587.21
1605657600,4.8574,4.945,4.495,4.6797,11415111.58
1605744000,4.6791,4.85,4.5399,4.7567,7976959.23
1605830400,4.7557,5.4714,4.7404,5.23,17934442.25
1605916800,5.2301,5.8137,5.1285,5.7824,14938158.71
1606003200,5.7822,5.8453,5.1702,5.524,12275138.21
1606089600,5.516,5.96,5.415,5.9093,14908169.22
1606176000,5.9063,6.0857,5.605,5.7334,15057227.46
1606262400,5.7305,5.8328,5.13,5.3018,10948123.7
1606348800,5.3,5.3771,4.4342,4.809,20179716.49
1606435200,4.8091,5.0752,4.4969,4.8151,8464913.51
1606521600,4.8148,4.9545,4.67,4.8939,5004579.77
1606608000,4.8925,5.2059,4.8,5.192,5392525.95
1606694400,5.192,5.4476,5.1333,5.3767,9070457.89
1606780800,5.378,5.5429,4.92,5.0806,10943827.45
1606867200,5.0824,5.5459,4.9994,5.4645,7081941.51
1606953600,5.4583,5.5679,5.321,5.3997,5002283.03
1607040000,5.3982,5.4336,4.9553,5,5569105.06
1607126400,5,5.1925,4.8767,5.1806,4496795.32
1607212800,5.1817,5.2068,5,5.1268,2749760.54
1607299200,5.1293,5.1564,5.0107,5.0569,2453405.21
1607385600,5.0568,5.0711,4.7,4.7399,5044001.16
1607472000,4.7378,4.9392,4.6167,4.8728,5290274.94
1607558400,4.8732,4.9167,4.7,4.8003,2575244.64
1607644800,4.8026,4.8153,4.54,4.612,3915723.68
1607731200,4.6102,4.7989,4.607,4.7385,2757351.25
1607817600,4.7381,5.1,4.725,4.8957,3939252.37
1607904000,4.8966,5.0094,4.8264,4.8969,2543847.2
1607990400,4.8978,5.2911,4.8445,5.2391,5957058.68
1608076800,5.24,5.374,5.115,5.3647,7988631.33
1608163200,5.3634,5.7498,5.267,5.3455,11536864.68
1608249600,5.3427,5.5097,5.245,5.3549,5673140.98
1608336000,5.3592,5.577,5.2766,5.3358,5524007.44
1608422400,5.3364,5.4374,5.0723,5.1868,6165710.95
1608508800,5.1866,5.4483,4.7732,4.8702,7796554.96
1608595200,4.8707,5.21,4.7974,5.155,8558735.42
1608681600,5.1525,5.1911,4.5859,4.7149,8098117.21
1608768000,4.7149,5.2013,4.6298,5.1116,8292421.99
1608854400,5.1102,5.2881,5.0407,5.2099,5278806.02
1608940800,5.2124,5.2938,5.081,5.1924,4830448.15
1609027200,5.1946,5.4691,4.9325,5.1455,12600497.85
1609113600,5.1462,6.7,5.108,6.5982,28565820.35
1609200000,6.5931,7.7,6.12,7.5402,43059737.73
1609286400,7.5473,7.678,7.055,7.2282,29271542.34
1609372800,7.2284,9.51,7.1206,9.2619,39283522.88
1609459200,9.262,9.428,8.0729,8.2776,40444969.81
1609545600,8.2775,9.89,7.89,9.2037,41542040.61
1609632000,9.2056,10.5,8.8448,10.1307,37224723.44
1609718400,10.1453,10.5169,8.7,9.5126,35233997.11
1609804800,9.5147,10.0441,9.01,9.7084,20433614.97
1609891200,9.7126,10.4452,9.4611,10.0679,24556008.75
1609977600,10.0679,10.68,9.38,9.6439,23807905.1
1610064000,9.6432,9.814,8.7788,9.2998,18487740.39
1610150400,9.2959,9.815,9.0418,9.7354,11628693.46
1610236800,9.7354,9.9889,8.6054,9.2911,13493639.61
1610323200,9.2962,9.32,7.1642,8.2691,39097080.01
1610409600,8.2736,8.7243,7.9201,8.3078,17770135.49
1610496000,8.3072,11.4407,7.9833,10.9486,33973317.45
1610582400,10.9417,14.68,10.8801,14.4867,50546604.14
1610668800,14.4862,14.9599,11.7619,13.1679,56797246.56
1610755200,13.1638,19.4,13.1567,17.9893,80460090.2
1610841600,17.9849,18.2677,16.28,17.0832,50659218.35
1610928000,17.0897,18.221,15.7,16.5898,26097571.18
1611014400,16.5786,17.49,15.887,16.3933,23747474.38
1611100800,16.3951,18.2078,14.79,17.9808,33656669.48
1611187200,17.9798,18.15,14.982,15.9818,38983790.86
1611273600,15.9837,18.0178,14.7111,17.1207,31458042.07
1611360000,17.1243,18.8,16.7951,18.7446,24293114.74
1611446400,18.7447,18.7646,17.22,17.9745,15685459.56
1611532800,17.9757,19.1,17.069,17.207,19765645.59
1611619200,17.2075,17.7844,16,17.1013,14031585.41
1611705600,17.1115,17.127,15.0316,15.43,18777450.02
1611792000,15.435,17.4938,15.2583,16.8643,18773126.13
1611878400,16.8716,17.7522,15.9389,16.7968,24085491.74
1611964800,16.7995,17.0808,16.1327,16.5349,10071916.92
1612051200,16.5423,17.5332,15.6438,16.1128,13322271.39
1612137600,16.1153,16.5615,15.5807,16.4385,10427226.81
1612224000,16.4401,17.67,15.9813,17.1765,17507006.87
1612310400,17.1766,20.9322,16.8,20.8538,28799999.03
1612396800,20.8588,21.7321,18.57,19.6677,25501882.41
1612483200,19.6682,21.4,19.3472,20.84,17350792.08
1612569600,20.8259,21.399,19.8425,20.3734,11925117.12
1612656000,20.369,20.8031,18.46,19.7345,15159822.49
1612742400,19.7365,23.6969,19.1828,22.9853,25522324.88
1612828800,22.984,24.12,22.2269,23.0846,16067713.73
1612915200,23.089,24.8498,21.8916,23.5821,16612771.89
1613001600,23.5784,25.7071,23.2357,25.0224,13943337.77
1613088000,25.0036,29.7272,24.5,28.6555,15767764.9
1613174400,28.6523,30.21,27.2203,27.9364,15559714.6
1613260800,27.9602,29.4142,26.4,26.8724,10698732.39
1613347200,26.88,29.5365,23.1555,27.8021,20272317.43
1613433600,27.8201,31.0606,26.8002,30.0832,20070860.93
1613520000,30.0897,32.4,29.6109,31.9862,14917487.45
1613606400,31.9849,32.5926,30.5453,31.11,7915382.55
1613692800,31.11,35,29.5,34.824,16536466.18
1613779200,34.8093,42.2848,34.7,38.942,29189715.44
1613865600,38.9381,40.6992,38,39.5863,15160345.53
1613952000,39.5867,39.7434,30.8104,37.6143,27519472.04
1614038400,37.6369,37.8,26.5,34.5325,40437206.88
1614124800,34.5697,36.8,31.1,33.6396,20265938.21
1614211200,33.6315,35.26,30.8582,31.2341,13365957.05
1614297600,31.2282,33.5516,28.0001,31.4362,25275240.2
1614384000,31.4506,35.6618,31.3471,33.4575,20330311.63
1614470400,33.4664,34.56,29.7,33.8,19977135.54
1614556800,33.7964,35.66,33.0149,35.6273,13666144.31
1614643200,35.6278,37.9247,34.3777,36.1393,15276420.14
1614729600,36.1485,38.68,36.1031,37.0985,11641704.64
1614816000,37.0661,38.38,34.35,35.2166,11601602.41
1614902400,35.2251,35.2687,31.31,33.6194,15293689.83
1614988800,33.5926,34.1997,32.05,33.3596,6037223.17
1615075200,33.3628,35.2999,33.3628,35.095,6061093.36
1615161600,35.0898,35.5566,33.4053,34.9737,6813802.79
1615248000,34.9867,38.8788,34.5148,38.1882,12891833.92
1615334400,38.1845,39.6,36.2181,37.5494,12012623.7
1615420800,37.5534,38.0434,35.8675,36.9026,8664283.5
1615507200,36.8988,37.4995,34.3773,35.9551,6812852.03
1615593600,35.9582,38.2742,34.6873,37.1418,7399275.26
1615680000,37.1308,37.9979,36.2477,36.4427,4741817.09
1615766400,36.4427,38.5636,33.8351,34.2963,10731480.2
1615852800,34.2868,35.5422,32.07,35.3987,9126077.86
1615939200,35.3981,36.4495,34.3879,36.1036,6842523.37
1616025600,36.1157,37.0187,34.9648,35.3399,5558730.76
1616112000,35.3399,38.8636,34.6,38.1735,9561406.59
1616198400,38.1735,40.1,37.1559,37.2279,8583160.2
1616284800,37.2293,38.0995,36.1001,36.6851,6631041.19
1616371200,36.6802,37.7803,35.0572,35.2338,6137342.07
1616457600,35.2202,36.2896,34.0325,34.2174,5897723.07
1616544000,34.1961,36.1468,27.4586,30.2209,13285955.46
1616630400,30.2139,31.2676,28.3,29.8059,17474869.14
1616716800,29.8059,33.3689,29.7894,33.1782,7973987.37
1616803200,33.1607,33.5,31.1119,32.5884,6080754.51
1616889600,32.5873,33.2231,31.2276,32.2331,4896790.56
1616976000,32.2331,34.714,31.7496,34.3403,6754322.38
1617062400,34.3404,34.8,33.4855,33.9778,5489182.37
1617148800,33.9778,38.28,33.22,37.0765,14303159.29
1617235200,37.0784,38.945,36.0021,37.461,9608182.24
1617321600,37.4655,41.4081,36.5721,41.0271,10204662.65
1617408000,41.0344,46.8,40.9103,41.3802,18075397.33
1617494400,41.38,45.0858,40.6666,44.3135,8717890.34
1617580800,44.3204,45.8694,41.806,45.8003,7991387.42
1617667200,45.8,46.2616,41.56,43.35,9415415.87
1617753600,43.3547,43.5038,37.69,39.5013,11787515.43
1617840000,39.51,41.5999,39.2121,41.334,5879782.79
1617926400,41.3248,42.0984,40.0501,40.8085,4356116.29
1618012800,40.8085,42.757,39.9777,41.5868,5302312.77
1618099200,41.6,41.87,39.9818,41.3196,5023884.47
1618185600,41.3133,41.7699,39.3643,40.46,6509499.53
1618272000,40.4601,43.3554,39.809,42.9301,9390973.4
1618358400,42.9301,44.5594,40,42.5171,10710847.58
1618444800,42.5217,44.3,41.4046,43.4318,8291327.15
1618531200,43.4169,43.8252,40.0007,41.3898,9269576.83
1618617600,41.3931,48.36,41.37,42.0577,17205151.16
1618704000,42.0568,42.7051,32,37.363,25846971.85
1618790400,37.3623,38.7007,34,34.7373,11880828.89
1618876800,34.7371,35.7508,31.5542,35.4133,14345901.28
1618963200,35.4112,36.3172,33.0261,33.7953,11604140.78
1619049600,33.7714,36.7635,32.8,32.9571,17785821.28
1619136000,32.947,33.4998,26.6355,32.2323,25328983.32
1619222400,32.2402,32.4026,28.53,28.9629,12019207.5
1619308800,28.9819,31.3,28.1,29.83,7392943.065
1619395200,29.83,33.473,29.755,33.4,12586853.239
1619481600,33.396,34.94,33.141,34.845,10126562.837
1619568000,34.845,35.389,32.566,33.972,9168443.638
1619654400,33.968,36,32.966,35.979,8746880.388
1619740800,35.979,36.811,35.087,36.522,11153636.937
1619827200,36.511,37.46,35.8,36.908,7426793.568
1619913600,36.904,37.179,35.485,36.626,6899280.736
1620000000,36.62,38.3,36.571,37.25,8437636.158
1620086400,37.249,37.931,34.366,34.777,13221688.847
1620172800,34.778,40.761,34.522,40.422,15940781.371
1620259200,40.423,43.9,37.98,41.588,19626530.967
1620345600,41.564,42.8,38.34,39.864,13673656.089
1620432000,39.869,40.646,38.693,39.899,7174506.876
1620518400,39.898,40.558,38.2,40.3,9941002.399
1620604800,40.309,41.85,32.059,36.488,15156271.812
1620691200,36.488,38.683,35.529,38.637,10529252.621
1620777600,38.638,42.472,33.74,35.128,19203754.059
1620864000,35.129,41.869,33,39.988,32382529.916
1620950400,39.982,48,39.381,47.979,25755875.959
1621036800,47.97,49.78,42.723,43.643,29713880.387
1621123200,43.638,46.722,39.277,42.436,19390116.793
1621209600,42.426,42.471,35.1,38.693,22756823.567
1621296000,38.691,42.598,37.653,40.595,18784123.607
1621382400,40.603,41.403,18,25.044,76760027.40800001
1621468800,25.044,31.288,21.2,28.958,46079545.709
1621555200,28.944,30.999,20,24.399,49259719.832
1621641600,24.386,24.6,20.314,22.057,32371263.631
1621728000,22.05,23.465,13.638,17.912,65071228.803
1621814400,17.913,23.482,17.098,23.261,43581078.152
1621900800,23.267,24.217,19.65,22.16,34789720.032
1621987200,22.149,24.771,21.603,24.528,26085513.265
1622073600,24.529,24.946,21.747,23.982,22582359.517
1622160000,23.987,26.22,20,21.35,40752090.288
1622246400,21.349,22.319,18.779,19.868,20620470.347
1622332800,19.881,21.356,18.416,20.465,17307772.375
1622419200,20.46,23.45,19.06,23.264,21593146.82
1622505600,23.273,23.539,21.6,22.84,18793956.11
1622592000,22.84,26.87,22.649,25.916,24489800.102
1622678400,25.913,28.6,25.673,27.004,22096623.219
1622764800,27.005,27.019,23.605,24.988,23200131.881
1622851200,24.991,26.4,22.933,23.771,15159286.356
1622937600,23.772,24.501,23.433,24.184,8542620.371
1623024000,24.189,25.283,21.3,21.686,16728777.96
1623110400,21.686,22.291,19.6,21.65,22854699.756
1623196800,21.643,23.335,20.361,23.214,17895882.483
1623283200,23.216,24.6,22.042,22.683,18698941.752
1623369600,22.68,23.206,20.487,20.95,12851416.712
1623456000,20.945,21.262,19.5,20.742,12547282.803
1623542400,20.742,22.412,19.928,22.04,9398764.597
1623628800,22.041,26.026,21.233,25.858,23122012.59
1623715200,25.858,26.009,23.514,23.942,17728382.399
1623801600,23.942,24.584,22.491,23.033,13836266.103
1623888000,23.028,24,22,22.533,10290433.237
1623974400,22.536,22.566,20.205,21.432,10556068.528
1624060800,21.432,21.632,20.215,20.222,7447145.388
1624147200,20.221,21,18.871,20.617,11045346.054
1624233600,20.616,20.794,15.35,15.707,27185128.197
1624320000,15.711,16.936,13,14.688,42443370.028
1624406400,14.684,16.8,13.963,15.792,24268090.268
1624492800,15.794,16.609,14.724,16.223,14150471.665
1624579200,16.224,16.742,14.414,14.422,15832639.428
1624665600,14.424,14.981,13.616,14.511,13921587.238
1624752000,14.507,15.027,14.03,15.01,10035136.207
1624838400,15.008,16.026,14.584,15.794,12407568.948
1624924800,15.793,17.029,15.714,16.3,15069027.291
1625011200,16.305,16.628,15.086,16.402,13522533.232
1625097600,16.4,16.411,14.85,15.174,10239264.118
1625184000,15.173,15.455,14.622,15.289,7898912.744
1625270400,15.288,15.752,15.019,15.52,7020623.727
1625356800,15.523,16.575,15.162,15.975,8386779.841
1625443200,15.974,15.975,14.5,15.228,10609352.577
1625529600,15.229,16.191,15.194,16.135,12531769.007
1625616000,16.127,17.668,16.085,16.861,18479476.985
1625702400,16.862,16.893,14.99,15.317,13613806.663
1625788800,15.311,15.918,14.82,15.681,8527447.532
1625875200,15.681,15.999,15.038,15.276,7361515.051
1625961600,15.277,15.708,15.138,15.495,5220591.256
1626048000,15.495,15.65,14.381,14.845,7384762.29
1626134400,14.845,15.099,14.011,14.19,7000669.871
1626220800,14.191,14.227,13.164,13.801,11240723.808
1626307200,13.798,14.108,12.739,13.095,11295460.335
1626393600,13.095,13.313,12,12.026,11747810.942
1626480000,12.025,12.742,11.71,12.294,12685758.457
1626566400,12.296,12.934,12.258,12.647,8943548.853
1626652800,12.648,12.735,11.354,11.46,13496594.169
1626739200,11.463,11.558,10.373,10.958,15411227.688
1626825600,10.962,12.861,10.673,12.343,20720488.404
1626912000,12.344,13.37,11.81,13.152,17109976.612
1626998400,13.154,13.52,12.321,13.401,14319244.955
1627084800,13.4,14.057,13.123,13.754,13352533.272
1627171200,13.759,13.827,13.085,13.734,10636601.766
1627257600,13.732,15.298,13.634,13.925,25704112.204
1627344000,13.924,14.54,13.349,14.365,16376850.101
1627430400,14.364,14.762,13.921,14.546,13296413.169
1627516800,14.542,15.391,14.257,15.254,16761635.313
1627603200,15.258,15.859,14.404,15.793,12163617.879
1627689600,15.791,17.018,15.58,16.784,12127994.279
1627776000,16.779,19.9,16.539,18.418,29839953.331
1627862400,18.418,18.938,17.555,17.984,17843839.093
1627948800,17.984,18.546,16.811,17.425,15066105.66
1628035200,17.426,19.584,17.094,19.15,17035350.579
1628121600,19.146,19.458,17.861,19.124,17528313.721
1628208000,19.124,20.8,18.522,20.416,17461334.492
1628294400,20.417,21.683,20.025,20.963,16386907.83
1628380800,20.963,21.205,19.192,19.65,11727291.345
1628467200,19.651,21.267,18.706,20.566,12450237.876
1628553600,20.566,21.419,20.08,20.616,13345048.98
1628640000,20.61,22.45,20.54,21.347,17980834.426
1628726400,21.346,22.314,19.9,20.755,13916627.074
1628812800,20.759,22.729,20.503,22.723,10079219.543
1628899200,22.723,23.488,21.771,22.835,12206858.981
1628985600,22.833,23.33,21.836,23.15,10311557.705
1629072000,23.15,25.699,22.821,24.432,23210244.18
1629158400,24.419,27.422,23.01,23.545,29082405.854
1629244800,23.548,25.183,22.5,23.868,20325842.456
1629331200,23.868,26.849,23.464,26.582,18955398.089
1629417600,26.579,28.477,26.066,28.149,18087062.298
1629504000,28.149,29.351,27.47,27.863,15380800.777
1629590400,27.861,28.52,26.5,27.685,12726834.131
1629676800,27.683,28.627,27.312,27.877,12452305.837
1629763200,27.876,28.172,24.351,25.067,15563782.332
1629849600,25.07,26.55,24.471,25.982,13580763.063
1629936000,25.982,26.4,23.46,23.92,12202094.793
1630022400,23.92,26.79,23.45,26.53,12760582.382
1630108800,26.53,26.76,25.4,25.96,6962096.43
1630195200,25.96,26.46,25.24,25.7,5969161.7
1630281600,25.71,27.58,24.32,26.03,14865324.488
1630368000,26.05,31.95,25.61,31.35,40601758.669
1630454400,31.34,33.838,29.6,33.18,26017654.839
1630540800,33.17,33.2,31.24,31.79,13487628.41
1630627200,31.78,34,30.51,33.57,14346166.884
1630713600,33.58,34.13,32,32.4,7731353.806
1630800000,32.41,34.78,31.97,34.42,9486930.418
1630886400,34.43,35.1,32.3,34.35,12428084.43
1630972800,34.35,35.68,22.66,27.97,40408249.411
1631059200,27.97,28.88,25.2,27.76,23830480.97
1631145600,27.76,31.88,27,29.82,21170365.5
1631232000,29.82,32.65,28,29.19,27860740.96
1631318400,29.18,32.1,28.25,31.57,15331069.56
1631404800,31.57,36.45,30.66,35.79,28871476.13
1631491200,35.81,38.07,31.5,34.84,49715992.152
1631577600,34.84,38.77,34.08,37.36,23675929.094
1631664000,37.35,38.01,35.55,36.47,12212842.72
1631750400,36.46,36.97,34,35.5,13726309.35
1631836800,35.51,36.94,32.19,33.03,14073919
1631923200,33.04,35.9,32.51,34.87,9990438.88
1632009600,34.86,34.9,33.01,33.85,7884331.02
1632096000,33.86,33.91,26.55,28.31,28383483.49
1632182400,28.31,30.38,25.5,26.39,24316299.56
1632268800,26.39,32,25.91,31.6,18161430.28
1632355200,31.58,33.6,30.37,33.41,13516616.87
1632441600,33.42,33.54,27.9,30.79,28521525.89
1632528000,30.79,32.22,29.41,29.82,13368526.84
1632614400,29.83,30.06,26.76,28.84,18340714.24
1632700800,28.84,30.26,27.5,27.71,11094418.1
1632787200,27.72,28.38,26.14,26.31,9784154.53
1632873600,26.31,28.59,26.11,27.28,10207287.33
1632960000,27.28,28.99,27.13,28.62,8201551.44
1633046400,28.61,32.33,28.5,31.94,13176348.21
1633132800,31.94,33.39,31.52,32.01,8748363.88
1633219200,32.01,32.69,31.17,32.11,7871434.22
1633305600,32.1,32.11,30.04,31.15,9287969.05
1633392000,31.15,32.16,30.52,31.39,8537858.77
1633478400,31.39,33.09,29.11,32.19,14373589.09
1633564800,32.19,35.31,30.93,33.98,20356598.29
1633651200,33.98,34.49,33.03,33.35,11134583.44
1633737600,33.36,36.9,33,36.33,12546752.37
1633824000,36.33,37.45,34.13,34.43,13147574.66
1633910400,34.42,36.09,33.25,34.13,11467492.31
1633996800,34.12,35.43,32.07,35.17,13326459.4
1634083200,35.16,43.22,33.57,41.69,36492731.213
1634169600,41.69,42.54,39.33,40.71,20178003.61
1634256000,40.69,44.24,39.45,43.28,22085746.426
1634342400,43.27,44.78,41.26,41.75,13673173.229
1634428800,41.74,42.87,39.52,42.12,10386680.07
1634515200,42.11,43.25,40.25,41.17,10911226.84
1634601600,41.16,41.65,40.01,41.34,8843904.77
1634688000,41.35,45.22,41.08,44.42,13310248.053
1634774400,44.41,45.53,41.91,42.84,14782015.916
1634860800,42.83,46.39,42.68,43.51,16062749.38
1634947200,43.5,44.79,43.08,43.95,6138290.14
1635033600,43.94,44.17,41.27,42.31,7260724.06
1635120000,42.3,44.8,42.11,44.55,7291785.53
1635206400,44.55,46,43.31,44.93,9161833.46
1635292800,44.93,45.77,38.7,40.44,17560562.15
1635379200,40.43,43.12,39.81,41.82,11629300.38
1635465600,41.82,44.35,41.56,44.2,8788034.21
1635552000,44.19,44.31,42.08,42.73,5254551.32
1635638400,42.73,43.36,41.01,42.77,6375433.77
1635724800,42.78,51.57,41.7,49.98,23714028.213
1635811200,49.98,53.35,48.01,51.66,19822814.528
1635897600,51.66,54.54,49.07,53.34,17237167.47
1635984000,53.35,55.09,52.16,53.82,14091354.818
1636070400,53.83,53.93,50.56,51.76,8742278.8
1636156800,51.75,52.42,49,52.02,8114011.78
1636243200,52.03,53.53,51.29,52.22,7102199.25
1636329600,52.22,53.87,51.63,53.36,7797418.81
1636416000,53.36,53.39,50.52,50.78,10322506.13
1636502400,50.79,52.08,42.5,46.74,19625912.74
1636588800,46.74,49.44,45.55,47.44,9323684.55
1636675200,47.44,47.72,44.04,45.9,10700975.88
1636761600,45.9,47.55,44.86,47.07,6068714.1
1636848000,47.07,47.83,45.02,46.39,4667465.13
1636934400,46.39,47.46,44.5,44.77,6580865.03
1637020800,44.78,44.78,38.1,40.84,19699792.9
1637107200,40.84,42.78,38.76,42.75,11336082.44
1637193600,42.75,43.27,37.53,39.03,14653376.83
1637280000,39.03,42.28,38.36,41.24,8936329.85
1637366400,41.23,42.1,39.83,42.1,5821401.36
1637452800,42.09,43.56,40.64,41.94,6646315.92
1637539200,41.95,42.16,38.8,39.49,8474290.45
1637625600,39.48,41.47,38.54,40.78,6985881.02
1637712000,40.76,40.92,38.04,38.28,7264687.01
1637798400,38.27,40.93,38.04,39.47,7371944.97
1637884800,39.48,39.62,33.67,34.56,16596267.73
1637971200,34.55,36.12,34.43,35.16,6817533.23
1638057600,35.16,35.85,32.21,35.76,10439305.23
1638144000,35.75,37.53,35.4,37.1,7442054.72
1638230400,37.1,39.35,35.28,37.95,9758902.6
1638316800,37.96,38.78,36.22,36.76,6936636.91
1638403200,36.76,36.79,35.05,35.75,5653240.06
1638489600,35.76,36.84,32.56,33.7,9114532.42
1638576000,33.7,33.86,24.35,29.38,24608037.9
1638662400,29.38,29.74,26.33,28.31,11536652.53
1638748800,28.31,28.92,24.84,28.13,16137260.41
1638835200,28.12,31.49,27.69,30.5,13072414.91
1638921600,30.49,30.63,28.02,29.84,10373073.12
1639008000,29.85,30.13,26.8,26.9,9383772
1639094400,26.91,28.43,25.71,26.44,11306697.95
1639180800,26.44,28.18,25.81,27.81,8148503.07
1639267200,27.82,30.12,27.31,29.54,5833358.42
1639353600,29.54,29.87,25.54,25.96,10566935.28
1639440000,25.97,26.71,25,26.15,10443455.71
1639526400,26.14,28.03,24.27,27.14,13450685.93
1639612800,27.14,27.84,25.55,26.02,14427194.9
1639699200,26.02,26.21,24.16,24.64,10403388.65
1639785600,24.64,25.72,24.21,25.49,7437623.45
1639872000,25.48,25.86,24.63,24.78,5757699.98
1639958400,24.78,25.01,23.27,24.07,7053641.28
1640044800,24.07,25.59,23.74,25.16,7752931.61
1640131200,25.16,28.23,24.98,27.22,10788179.43
1640217600,27.23,29.81,26.73,29.16,10938539.93
1640304000,29.16,29.67,27.83,28.14,6454013.86
1640390400,28.14,29.12,27.94,28.84,3990671.82
1640476800,28.86,31.74,28.27,31.32,9409786.98
1640563200,31.32,32.78,30.83,30.97,8620339.37
1640649600,30.96,30.97,27.46,27.83,15826935.59
1640736000,27.84,28.96,26.48,26.82,9578005.6
1640822400,26.81,28.42,26.17,27.54,7797319.16
1640908800,27.54,28.12,26.24,26.66,9510787.97
1640995200,26.67,28.65,26.66,28.6,5227230.45
1641081600,28.6,30.62,27.82,29.69,8942930.92
1641168000,29.69,30.88,28.62,30.11,11890491.01
1641254400,30.1,30.58,28.66,28.69,11149885.08
1641340800,28.69,30.39,25.05,26.72,14135011.01
1641427200,26.73,27.36,25.5,26.72,11412775.24
1641513600,26.72,26.86,24.24,24.9,14333874.43
1641600000,24.9,25.54,23.12,23.99,9965873.23
1641686400,23.98,25.32,23.67,24.63,7523995.26
1641772800,24.63,25.22,22.43,23.72,11667129.55
1641859200,23.73,26,23.48,25.56,9473674.68
1641945600,25.56,27.58,25.45,27.32,7566219.5
1642032000,27.33,27.68,25.71,25.79,7656681.93
1642118400,25.79,27.88,25.53,27.75,9449831.9
1642204800,27.75,28.41,26.83,27.6,5575781.94
1642291200,27.6,28.47,27.26,27.7,7073389.72
1642377600,27.7,27.76,25.1,25.69,8233269.46
1642464000,25.69,26.07,24.24,25.15,7145666.21
1642550400,25.15,25.3,23.68,24.05,6462252.41
1642636800,24.06,25.62,22.84,23.01,6578668.82
1642723200,23.01,23.48,19.04,19.67,17269209.912
1642809600,19.66,20.16,16.17,18.27,23239217.068
1642896000,18.27,19.2,17.73,18.81,11483380.21
1642982400,18.81,18.82,15.83,18.02,20381626.573
1643068800,18.02,19.05,17.36,18.31,9945213.12
1643155200,18.32,20.06,17.51,18.08,14459131.31
1643241600,18.08,18.42,17.14,18.12,9271719.1
1643328000,18.12,18.49,17.36,18.34,7390664.94
1643414400,18.34,19.06,18.08,18.74,4892745.7
1643500800,18.75,19,17.8,18.15,5074979.97
1643587200,18.15,19.61,17.12,19.37,8316149.9
1643673600,19.38,20,19.15,19.57,8041127.34
1643760000,19.57,20.58,18.53,18.76,8769960.78
1643846400,18.77,18.96,17.97,18.92,6622008.64
1643932800,18.91,20.53,18.71,20.48,9084604.77
1644019200,20.49,22.29,20.3,21.33,8873091.18
1644105600,21.32,21.93,20.78,21.91,4783912.16
1644192000,21.91,22.7,21.39,22.35,9933306.22
1644278400,22.36,23.19,21.06,21.66,10692150.43
1644364800,21.66,22.24,21.05,21.94,5280116.45
1644451200,21.95,22.48,20.49,20.51,9903304.31
1644537600,20.51,20.73,18.58,18.98,9586582.78
1644624000,18.98,19.42,18.25,18.82,6512111.12
1644710400,18.83,19.28,18.38,18.73,4675422.19
1644796800,18.74,18.95,18.02,18.7,5075585.02
1644883200,18.7,20.34,18.64,20.16,5428840.64
1644969600,20.17,20.19,19.05,19.76,5643848.37
1645056000,19.77,20.01,17.8,18.16,7873044.6
1645142400,18.17,18.6,17.59,17.82,6205167.39
1645228800,17.82,18.22,17.34,17.84,3507413.77
1645315200,17.85,17.87,16.67,16.91,6518197.69
1645401600,16.91,17.74,16.03,16.18,11178458.24
1645488000,16.18,16.73,15.8,16.6,8427783.22
1645574400,16.61,17.51,15.91,15.97,10055911.02
1645660800,15.97,16.75,14.05,16.16,22293881.528
1645747200,16.17,17.52,15.78,17.25,8246998.11
1645833600,17.26,18.78,17.16,18.03,10979780.48
1645920000,18.03,18.72,17.07,17.5,9879341.39
1646006400,17.5,19.11,16.62,18.94,14924830.91
1646092800,18.94,19.56,18.32,18.89,11677345.78
1646179200,18.9,19.26,18.35,18.61,8422865.21
1646265600,18.61,18.67,17.77,18.02,7635060.13
1646352000,18.02,18.06,16.5,16.79,8560042.35
1646438400,16.79,17.8,16.18,17.33,5101742.9
1646524800,17.33,17.59,16.51,16.99,5491289.2
1646611200,16.99,17.14,16,16.41,7318888.43
1646697600,16.41,17.28,16.31,16.97,6275907.39
1646784000,16.97,18.09,16.88,17.86,5742934.66
1646870400,17.87,17.93,16.68,16.96,5040333.69
1646956800,16.97,18.49,16.69,17.69,9499810.42
1647043200,17.7,18.75,17.68,18.14,6497976.77
1647129600,18.14,18.4,17.13,17.22,4818274.4
1647216000,17.22,17.86,17,17.7,4696610.2
1647302400,17.7,18.06,17.05,17.81,4076701.31
1647388800,17.81,19.19,17.69,19.05,8986827.35
1647475200,19.05,19.35,18.63,18.75,4721544.69
1647561600,18.75,19.2,18.13,18.95,4587101.48
1647648000,18.95,19.79,18.86,19.4,4955267.89
1647734400,19.4,19.46,18.32,18.65,3665220.06
1647820800,18.66,19.06,18.4,18.74,4133739.8
1647907200,18.75,20.48,18.68,20.21,8290773.03
1647993600,20.22,21.13,19.8,21.02,8218890.14
1648080000,21.02,21.5,20.25,21.26,7157667.86
1648166400,21.26,21.38,20.18,20.53,5860263.46
1648252800,20.54,21.04,20.24,20.91,3152433.21
1648339200,20.92,22.48,20.71,22.46,5215022.34
1648425600,22.47,23.33,21.78,21.99,9121823.41
1648512000,21.99,22.96,21.83,22.42,7738475.52
1648598400,22.43,23,21.62,22.45,7985199.05
1648684800,22.46,23.06,21.08,21.33,8749758.6
1648771200,21.33,22.17,20.6,22.07,7952049.94
1648857600,22.07,23.85,21.95,22.61,10723061.37
1648944000,22.61,23.57,22.51,23.21,7497259.93
1649030400,23.21,23.23,21.6,22.89,7444175.86
1649116800,22.9,23.12,21.68,21.78,6045973.86
1649203200,21.78,21.82,19.71,19.85,8285158.05
1649289600,19.84,20.65,19.45,20.4,5000936.99
1649376000,20.4,20.58,19.14,19.43,4641004.36
1649462400,19.43,19.83,19.29,19.75,2328439
1649548800,19.76,20.25,19.16,19.22,3716291.3
1649635200,19.23,19.29,17,17.2,7676575.11
1649721600,17.2,18.04,17.16,17.77,5075204.98
1649808000,17.77,18.3,17.37,18.2,3723536.86
1649894400,18.2,18.48,17.47,17.91,3580226.26
1649980800,17.91,18.43,17.78,18.34,2489380.26
1650067200,18.35,18.7,18.17,18.61,2340391.42
1650153600,18.61,18.81,17.65,17.74,2796505.88
1650240000,17.74,18.36,17.1,18.15,4831063.54
1650326400,18.16,18.96,18.04,18.88,3242472.57
1650412800,18.89,19.54,18.54,19.09,5373410.27
1650499200,19.1,19.68,18.03,18.18,4574629.37
1650585600,18.17,18.53,18.07,18.28,3634735.07
1650672000,18.28,19.27,17.96,18.69,3583194.77
1650758400,18.69,19.16,18.07,18.17,3027438.28
1650844800,18.17,18.25,17.12,18.1,5316099.45
1650931200,18.11,18.34,16.4,16.68,5792628.08
1651017600,16.68,17.27,16.48,16.94,3781290.25
1651104000,16.94,17.43,16.75,16.99,4260939.1
1651190400,16.99,17.07,15.99,16.19,4036404.24
1651276800,16.19,16.45,14.18,14.5,6047042.51
1651363200,14.5,15.53,14.48,15.36,5066643.89
1651449600,15.36,15.6,14.56,14.96,5385162.38
1651536000,14.97,15.23,14.52,14.72,3404204.43
1651622400,14.73,16.35,14.66,16.34,6243464.14
1651708800,16.34,16.45,14.02,14.58,9116577.82
1651795200,14.58,14.67,13.81,14.32,6781078.5
1651881600,14.33,14.38,13.36,13.75,4305832.068
1651968000,13.75,13.88,13.03,13.25,7019382.931
1652054400,13.26,13.49,10.51,10.62,19395824.829
1652140800,10.63,12.44,10.31,11.36,18906768.511
1652227200,11.35,11.66,8.06,9.09,31995073.859
1652313600,9.07,9.52,7.3,8.71,25729345.375
1652400000,8.7,11.79,8.56,10.46,25890493.66
1652486400,10.45,11.56,9.76,11.3,15902710.63
1652572800,11.31,11.87,10.57,11.81,11082707.18
1652659200,11.81,11.81,10.37,10.63,10051194.44
1652745600,10.62,11.34,10.43,11.04,8641438.95
1652832000,11.03,11.17,9.43,9.49,10809076.66
1652918400,9.49,10.41,9.22,10.03,10352256.32
1653004800,10.04,10.26,9.45,9.67,8304278.67
1653091200,9.67,10.1,9.46,10,4106354.74
1653177600,10,10.34,9.87,10.16,4485374.89
1653264000,10.16,10.8,9.8,9.88,9534059.79
1653350400,9.88,10.27,9.56,10.19,6933332.57
1653436800,10.19,10.34,9.77,9.87,6770708.75
1653523200,9.87,10,8.82,9.14,13610458.18
1653609600,9.14,10,8.56,9.12,15631681.11
1653696000,9.12,9.8,8.95,9.65,5955686.38
1653782400,9.66,10.04,9.33,9.98,5865314.46
1653868800,9.99,10.79,9.91,10.47,8473368.99
1653955200,10.47,10.65,9.94,10.35,8792549.01
1654041600,10.36,10.75,9.26,9.46,10157569.75
1654128000,9.45,10.13,9.29,9.89,5917176.47
1654214400,9.88,9.93,9.2,9.37,5185222.06
1654300800,9.38,9.56,9.14,9.44,2764967.02
1654387200,9.45,9.56,9.25,9.35,2387500.54
1654473600,9.35,9.94,9.32,9.51,5016416.01
1654560000,9.51,9.51,8.84,9.23,5096057.45
1654646400,9.22,9.4,8.9,9.01,3812382.23
1654732800,9.01,9.47,8.91,9.24,4879363.93
1654819200,9.23,9.37,8.52,8.65,6447468.57
1654905600,8.66,8.85,7.9,8.03,6779329.31
1654992000,8.04,8.11,7.38,7.41,9340811.88
1655078400,7.4,7.48,6.36,7.04,18666647.181
1655164800,7.04,7.56,6.68,7.36,14217216.87
1655251200,7.36,8.79,6.84,8.49,18683708.96
1655337600,8.5,8.56,6.97,7.13,11913274.4
1655424000,7.13,7.47,7.03,7.28,6187728.4
1655510400,7.28,7.41,6.47,7.05,10420321.76
1655596800,7.06,7.65,6.76,7.53,7341233.58
1655683200,7.53,8.02,7.17,7.87,8079205.13
1655769600,7.88,8.28,7.67,7.77,6447239.03
1655856000,7.76,7.82,7.35,7.39,5249428.04
1655942400,7.4,7.82,7.36,7.78,4766745.68
1656028800,7.78,8.34,7.72,8.18,5534788.24
1656115200,8.19,8.37,7.79,8.13,3861028.21
1656201600,8.14,8.49,7.81,7.84,4772371.56
1656288000,7.84,8.2,7.68,7.74,4689419.47
1656374400,7.74,8,7.26,7.31,6104944.23
1656460800,7.31,7.44,6.95,7.03,6972853.93
1656547200,7.04,7.1,6.64,7.06,6917468.18
1656633600,7.06,7.26,6.54,6.75,7477875.43
1656720000,6.75,6.91,6.62,6.83,3127372.77
1656806400,6.83,6.99,6.61,6.85,3092743.9
1656892800,6.86,7.21,6.66,7.17,4883415.15
1656979200,7.17,7.23,6.6,6.84,8211754.6
1657065600,6.84,7.01,6.69,6.93,5792837.78
1657152000,6.92,7.36,6.88,7.3,6147860.15
1657238400,7.3,7.46,6.94,7.04,6835377.2
1657324800,7.04,7.36,7.03,7.25,3537025.96
1657411200,7.25,7.27,6.76,6.86,4503146.23
1657497600,6.85,6.91,6.5,6.53,4986347.38
1657584000,6.53,6.63,6.26,6.28,4787702.68
1657670400,6.29,6.55,6,6.47,6999118.42
1657756800,6.47,6.77,6.29,6.72,5683331.12
1657843200,6.73,6.99,6.65,6.79,6331276.95
1657929600,6.79,7.22,6.56,7.2,6479588.08
1658016000,7.2,7.33,6.88,6.92,5172727.22
1658102400,6.91,7.73,6.9,7.66,12596431.22
1658188800,7.65,8.03,7.49,7.79,14586041.75
1658275200,7.79,8.08,7.35,7.47,12266325.33
1658361600,7.47,7.6,7.18,7.53,6317817.35
1658448000,7.53,7.85,7.26,7.29,7248162.69
1658534400,7.3,7.49,7.08,7.33,4514593.17
1658620800,7.32,7.58,7.31,7.4,4842364.46
1658707200,7.4,7.44,6.74,6.76,7316840.25
1658793600,6.76,6.79,6.52,6.78,6507781.48
1658880000,6.78,7.71,6.65,7.68,8439914.15
1658966400,7.69,8.07,7.46,7.86,12081142.61
1659052800,7.86,8.43,7.76,8.19,11715078.94
1659139200,8.18,8.85,8.15,8.21,10970826.27
1659225600,8.22,9.21,8.08,8.62,12551305.77
1659312000,8.63,8.99,8.03,8.17,9843579.01
1659398400,8.18,8.28,7.68,7.93,10097632.4
1659484800,7.93,8.45,7.68,8,7508188.39
1659571200,8,8.28,7.88,8.1,5416271.31
1659657600,8.1,8.84,8.07,8.8,8360224.87
1659744000,8.81,8.88,8.48,8.52,5612299.3
1659830400,8.52,8.93,8.34,8.65,4827855.46
1659916800,8.65,9.39,8.63,9.27,10473879.27
1660003200,9.27,9.47,8.64,8.89,9792612.79
1660089600,8.89,9.65,8.54,9.52,12143248.28
1660176000,9.53,9.65,9.13,9.2,8899036.11
1660262400,9.19,9.5,9.03,9.48,6113019.59
1660348800,9.48,9.68,9.25,9.31,4978042.86
1660435200,9.31,9.56,8.83,8.96,6244622.85
1660521600,8.95,9.39,8.62,8.78,7236619.06
1660608000,8.78,8.95,8.63,8.84,5191605.16
1660694400,8.84,9.17,8.32,8.37,6653592.91
1660780800,8.37,8.6,8,8.08,4518903.95
1660867200,8.08,8.1,7.22,7.31,7862959.78
1660953600,7.3,7.52,7.03,7.22,4731587.73
1661040000,7.23,7.53,7.16,7.44,3047725.62
1661126400,7.43,7.45,7,7.41,4283982.1
1661212800,7.4,7.72,7.18,7.64,4831764.65
1661299200,7.64,7.78,7.41,7.56,3720336.76
1661385600,7.56,7.76,7.46,7.58,2939414.77
1661472000,7.58,7.68,6.86,6.93,6009344.97
1661558400,6.93,7.12,6.8,7.04,4334932.37
1661644800,7.05,7.15,6.81,6.86,2870607.63
1661731200,6.86,7.31,6.79,7.27,4881958.91
1661817600,7.27,7.38,6.88,7,5028135.43
1661904000,7.01,7.29,6.98,7.03,4314442.79
1661990400,7.03,7.2,6.86,7.18,4554476.61
1662076800,7.19,7.57,7.12,7.3,5870327.75
1662163200,7.3,7.31,7.17,7.28,2939572.83
1662249600,7.29,7.42,7.15,7.37,3798954.38
1662336000,7.38,7.64,7.26,7.36,5190975.86
1662422400,7.37,7.7,6.81,6.87,8014227.23
1662508800,6.88,7.3,6.75,7.2,5657008.11
1662595200,7.2,7.45,7.03,7.39,6134106.21
1662681600,7.39,7.94,7.36,7.75,9603978.87
1662768000,7.76,7.88,7.57,7.77,4854345.6
1662854400,7.77,7.9,7.54,7.7,4569653.61
1662940800,7.71,8.05,7.56,7.66,8935374.52
1663027200,7.67,7.96,7.03,7.06,9252301.09
1663113600,7.06,7.31,7.01,7.21,5914357.47
1663200000,7.2,7.24,6.87,6.93,7556924.27
1663286400,6.94,6.98,6.7,6.9,6058337.4
1663372800,6.91,7.16,6.9,7.06,3924016.97
1663459200,7.05,7.06,6.32,6.44,7888082.4
1663545600,6.45,6.56,6.1,6.39,9255864.1
1663632000,6.39,6.42,6.17,6.28,5497167.84
1663718400,6.28,6.58,5.97,6.12,9829632.502
1663804800,6.12,6.53,6.08,6.45,6063122.51
1663891200,6.45,6.64,6.19,6.44,9016451.68
1663977600,6.44,6.51,6.23,6.27,3955623.65
1664064000,6.27,6.38,6.08,6.2,3734926.28
1664150400,6.2,6.58,6.15,6.56,8553957.35
1664236800,6.55,6.8,6.24,6.37,7249174.06
1664323200,6.37,6.47,6.17,6.38,5452664.8
1664409600,6.39,6.49,6.26,6.43,5600368.3
1664496000,6.44,6.58,6.21,6.32,8082261.96
1664582400,6.33,6.34,6.21,6.27,3450155.56
1664668800,6.26,6.33,6.13,6.15,3801773.23
1664755200,6.16,6.41,6.09,6.37,4977131.51
1664841600,6.37,6.54,6.34,6.5,4072739.41
1664928000,6.5,6.51,6.27,6.44,4166685.22
1665014400,6.44,6.52,6.31,6.34,4214865.72
1665100800,6.34,6.4,6.25,6.33,2949396.86
1665187200,6.33,6.4,6.26,6.31,1422016
1665273600,6.31,6.5,6.28,6.48,2462447.16
1665360000,6.48,6.54,6.24,6.25,3764636.2
1665446400,6.25,6.26,6.13,6.17,3272884.8
1665532800,6.18,6.25,6.13,6.18,2393433.73
1665619200,6.18,6.18,5.68,6.11,7380068.704
1665705600,6.11,6.27,6.01,6.05,3863936.64
1665792000,6.05,6.1,6.02,6.05,1706785.75
1665878400,6.05,6.25,6.04,6.18,2485868.92
1665964800,6.19,6.29,6.12,6.26,3223265.91
1666051200,6.26,6.3,6.07,6.16,3868946.94
1666137600,6.16,6.26,6.06,6.1,4401418.42
1666224000,6.11,6.16,5.82,5.89,5073844.54
1666310400,5.88,5.9,5.73,5.84,6612206.88
1666396800,5.83,5.87,5.77,5.85,2971915.78
1666483200,5.85,5.98,5.75,5.97,2942177.38
1666569600,5.96,5.99,5.8,5.92,3823238.57
1666656000,5.91,6.63,5.89,6.43,9006229.17
1666742400,6.44,6.61,6.41,6.47,6443103.67
1666828800,6.47,6.65,6.28,6.34,6785956.61
1666915200,6.33,6.59,6.26,6.52,4911921.1
1667001600,6.51,6.78,6.49,6.63,6052975.69
1667088000,6.63,6.75,6.51,6.66,4310912.76
1667174400,6.65,6.84,6.57,6.62,7120046.35
1667260800,6.62,6.72,6.45,6.46,3710854.82
1667347200,6.45,6.53,6.16,6.25,6160529.66
1667433600,6.26,6.53,6.23,6.41,5454796.72
1667520000,6.42,7.1,6.38,7.05,9531817.15
1667606400,7.06,7.25,6.94,7.03,7379052.14
1667692800,7.03,7.15,6.79,6.81,5716020.12
1667779200,6.81,7.42,6.65,7.12,9474204.99
1667865600,7.12,7.2,5.86,6.3,17011590.68
1667952000,6.3,6.38,5.34,5.41,15523101.01
1668038400,5.42,6.18,5.32,5.97,12598434.37
1668124800,5.97,6.05,5.5,5.75,8907098.41
1668211200,5.75,5.88,5.56,5.77,3603570.5
1668297600,5.78,5.97,5.62,5.75,5069240.31
1668384000,5.75,5.9,5.44,5.86,5738361.29
1668470400,5.87,6.05,5.8,5.92,3301786.7
1668556800,5.92,6,5.61,5.71,3209428.37
1668643200,5.7,5.73,5.56,5.67,2822106.06
1668729600,5.68,5.78,5.6,5.65,2187119.21
1668816000,5.65,5.66,5.53,5.61,1602398.67
1668902400,5.61,5.66,5.25,5.3,3870989.34
1668988800,5.3,5.3,5.07,5.18,6524218.75
1669075200,5.19,5.32,5,5.28,5740050.28
1669161600,5.28,5.49,5.25,5.44,4175250
1669248000,5.43,5.53,5.33,5.39,3739397.2
1669334400,5.38,5.39,5.25,5.26,2770201.53
1669420800,5.27,5.46,5.24,5.3,2879533.81
1669507200,5.3,5.44,5.26,5.3,2262349.07
1669593600,5.31,5.32,5.06,5.13,5094640.21
1669680000,5.13,5.35,5.09,5.3,3879496.66
1669766400,5.3,5.51,5.3,5.46,4722700.97
1669852800,5.46,5.48,5.32,5.41,4001779.36
1669939200,5.4,5.69,5.37,5.62,6607178.18
1670025600,5.62,5.71,5.48,5.49,4453433.15
1670112000,5.5,5.61,5.49,5.59,2771876.82
1670198400,5.6,5.73,5.44,5.48,3645172.05
1670284800,5.48,5.52,5.42,5.5,2713444.43
1670371200,5.49,5.53,5.24,5.29,5307370.08
1670457600,5.29,5.47,5.25,5.42,4019638.16
1670544000,5.42,5.44,5.26,5.3,2687576.39
1670630400,5.29,5.33,5.26,5.27,1281589.14
1670716800,5.28,5.33,5.13,5.17,2136325.82
1670803200,5.16,5.21,5,5.17,4090252.3
1670889600,5.17,5.35,4.99,5.28,5123267.46
1670976000,5.29,5.358,5.154,5.215,5918542.41
1671062400,5.214,5.254,5.116,5.23,4122946.05
1671148800,5.23,5.25,4.52,4.652,7256168.85
1671235200,4.653,4.724,4.583,4.708,4616715.62
1671321600,4.709,4.716,4.617,4.657,2749549.56
1671408000,4.657,4.705,4.41,4.481,4752800.99
1671494400,4.479,4.653,4.461,4.605,3310151.54
1671580800,4.606,4.616,4.442,4.485,2732722.13
1671667200,4.486,4.537,4.37,4.531,2979884.33
1671753600,4.532,4.546,4.454,4.473,2669853.97
1671840000,4.473,4.492,4.43,4.452,1305078.13
1671926400,4.451,4.498,4.396,4.492,1726195.69
1672012800,4.492,4.578,4.465,4.571,1955878.56
1672099200,4.571,4.585,4.455,4.478,2694420.81
1672185600,4.479,4.484,4.24,4.286,5301428.71
1672272000,4.286,4.355,4.224,4.309,2461379.78
1672358400,4.308,4.341,4.226,4.324,2037686.16
1672444800,4.324,4.394,4.298,4.309,1499221.97
1672531200,4.308,4.387,4.275,4.371,1341743.7
1672617600,4.371,4.56,4.316,4.492,3164787.56
1672704000,4.492,4.545,4.462,4.526,1964103.62
1672790400,4.526,4.689,4.526,4.632,3126367.78
1672876800,4.631,4.649,4.545,4.62,2923627.93
1672963200,4.621,4.706,4.552,4.684,3264757.81
1673049600,4.684,4.705,4.636,4.664,1594150.21
1673136000,4.665,4.828,4.602,4.826,3227517.66
1673222400,4.826,5.083,4.8,4.887,6257669.61
1673308800,4.886,4.97,4.823,4.92,2874898.27
1673395200,4.92,5.139,4.828,5.135,4492624.63
1673481600,5.134,5.263,5.015,5.232,5972215.45
1673568000,5.233,5.424,5.163,5.401,4812544.83
1673654400,5.401,6.523,5.396,6.026,15720921.5
1673740800,6.026,6.066,5.771,5.929,5959244.43
1673827200,5.928,6.087,5.61,5.812,7588428.7
1673913600,5.812,6.21,5.691,5.956,7799551.36
1674000000,5.957,6.221,5.564,5.653,9689343.05
1674086400,5.648,5.848,5.643,5.802,3346968.36
1674172800,5.802,6.295,5.752,6.247,5373230.43
1674259200,6.249,6.464,6.007,6.237,8330369.73
1674345600,6.237,6.457,6.085,6.207,5762744.72
1674432000,6.207,6.84,6.198,6.56,10282785.38
1674518400,6.56,6.708,6.117,6.191,6235582.4
1674604800,6.191,6.563,6.01,6.399,7441471.55
1674691200,6.4,6.563,6.301,6.472,6830192.66
1674777600,6.472,6.623,6.27,6.585,5365147.79
1674864000,6.585,6.664,6.321,6.397,3866647.74
1674950400,6.396,6.7,6.327,6.611,4745086.65
1675036800,6.612,6.65,6.02,6.19,5572642.9
1675123200,6.19,6.33,6.142,6.26,3778549.45
1675209600,6.26,6.491,6.027,6.467,5790692.06
1675296000,6.467,6.917,6.451,6.543,8407701.21
1675382400,6.543,7.126,6.504,7.008,10176943.45
1675468800,7.008,7.075,6.818,6.873,3786921.97
1675555200,6.872,6.895,6.513,6.637,5167240.5
1675641600,6.638,6.789,6.401,6.494,4695000.22
1675728000,6.494,6.949,6.473,6.941,5490955.62
1675814400,6.94,7.02,6.615,6.757,4810790.32
1675900800,6.757,6.976,6.088,6.235,10458985.31
1675987200,6.235,6.308,6.12,6.186,4981218.12
1676073600,6.184,6.293,6.158,6.278,1700227.29
1676160000,6.278,6.387,6.074,6.181,2375027.69
1676246400,6.18,6.259,5.878,6.143,6431367.53
1676332800,6.141,6.264,5.95,6.227,5370812.92
1676419200,6.228,6.618,6.16,6.612,6593492.92
1676505600,6.612,6.949,6.318,6.327,9174248.37
1676592000,6.327,7.418,6.291,7.284,18071582.97
1676678400,7.284,7.375,7.105,7.229,8168832.05
1676764800,7.23,7.9,7.185,7.438,14912594.12
1676851200,7.44,7.568,7.25,7.551,7886712.3
1676937600,7.551,7.575,7.117,7.251,6671197.7
1677024000,7.251,7.27,6.88,7.186,7597418.57
1677110400,7.186,7.384,7.015,7.093,5906199.95
1677196800,7.095,7.146,6.47,6.614,7399291.71
1677283200,6.614,6.649,6.342,6.544,3497010.8
1677369600,6.544,6.73,6.503,6.691,3363024.11
1677456000,6.692,6.785,6.489,6.579,4411661.72
1677542400,6.58,6.6,6.276,6.347,4169725.04
1677628800,6.349,6.598,6.306,6.535,4300464
1677715200,6.534,6.56,6.221,6.335,2989319.83
1677801600,6.335,6.338,5.792,6.037,5503764.91
1677888000,6.038,6.058,5.73,5.917,2603387.07
1677974400,5.917,6.066,5.89,5.978,2368080.13
1678060800,5.977,6.043,5.856,5.92,2790540.69
1678147200,5.922,6.019,5.74,5.847,4741858.19
1678233600,5.846,5.943,5.501,5.601,6663332.34
1678320000,5.6,5.803,5.25,5.385,7590734.25
1678406400,5.386,5.582,5.15,5.549,9610786.57
1678492800,5.548,5.678,5.223,5.463,7374280.77
1678579200,5.463,5.903,5.36,5.895,6697046.08
1678665600,5.894,6.143,5.706,6.1,10435277.93
1678752000,6.101,6.537,5.987,6.223,10272410.97
1678838400,6.22,6.377,5.777,5.874,9060374
1678924800,5.873,6.142,5.758,6.088,5974943.99
1679011200,6.087,6.631,6.026,6.618,7687668.38
1679097600,6.617,6.699,6.283,6.313,6601084.28
1679184000,6.314,6.601,6.312,6.451,4887337.41
1679270400,6.454,6.485,6.052,6.092,5512709.62
1679356800,6.091,6.458,6,6.363,5510022.95
1679443200,6.363,6.4,5.911,6.053,6799970.34
1679529600,6.054,6.421,5.991,6.321,4307141.06
1679616000,6.321,6.341,5.95,6.021,3721415.5
1679702400,6.022,6.08,5.83,5.905,2201417.88
1679788800,5.905,6.107,5.878,6.042,1783486.74
1679875200,6.044,6.115,5.745,5.867,3393287.18
1679961600,5.867,6.109,5.787,6.056,2901986.46
1680048000,6.057,6.285,6.048,6.183,3767888.67
1680134400,6.183,6.295,6.025,6.122,3863516.22
1680220800,6.122,6.385,6.101,6.343,4320037
1680307200,6.343,6.393,6.19,6.344,2562358.07
1680393600,6.344,6.446,6.18,6.263,3027603.59
1680480000,6.263,6.5,6.09,6.419,5348344.83
1680566400,6.419,6.533,6.367,6.439,4385744.74
1680652800,6.437,6.586,6.32,6.406,3707843.14
1680739200,6.405,6.417,6.256,6.281,2705532.09
1680825600,6.28,6.318,6.134,6.178,2659031.62
1680912000,6.178,6.235,6.09,6.13,2071466.55
1680998400,6.131,6.26,6.097,6.211,2172474.5
1681084800,6.212,6.313,6.117,6.291,2564574.59
1681171200,6.29,6.49,6.276,6.415,4183538.72
1681257600,6.416,6.469,6.214,6.403,4545433.57
1681344000,6.404,6.65,6.349,6.634,4560331.92
1681430400,6.634,6.865,6.535,6.731,6593166.92
1681516800,6.731,6.871,6.633,6.804,3719680.31
1681603200,6.803,6.883,6.673,6.824,3729598.19
1681689600,6.824,6.834,6.616,6.696,4193096.98
1681776000,6.698,7,6.571,6.914,5118143.99
1681862400,6.916,6.92,6.24,6.309,6052908.31
1681948800,6.309,6.438,6.063,6.111,5249007.89
1682035200,6.111,6.171,5.777,5.849,4612277.77
1682121600,5.849,5.978,5.82,5.949,2053514.4
1682208000,5.949,5.972,5.768,5.906,2377100.04
1682294400,5.907,6.029,5.8,5.885,2775196.21
1682380800,5.885,6.012,5.778,5.999,2687822.25
1682467200,5.999,6.22,5.6,5.852,6083740.49
1682553600,5.85,6.052,5.831,5.97,3633819.81
1682640000,5.971,5.981,5.771,5.947,3150009.51
1682726400,5.947,6.056,5.919,6.041,2093279.06
1682812800,6.041,6.087,5.844,5.877,2601857.52
1682899200,5.877,5.909,5.596,5.666,3218928.53
1682985600,5.666,5.757,5.618,5.713,2302881.33
1683072000,5.712,5.812,5.55,5.778,2833604.94
1683158400,5.779,5.798,5.619,5.671,1642330.91
1683244800,5.671,5.901,5.651,5.847,2688794.26
1683331200,5.846,5.894,5.584,5.633,2186936.32
1683417600,5.632,5.7,5.601,5.632,1536706.1
1683504000,5.632,5.648,5.17,5.369,5071223.12
1683590400,5.368,5.412,5.291,5.323,2384156.76
1683676800,5.324,5.523,5.209,5.463,3980709.56
1683763200,5.463,5.47,5.18,5.278,2732930.39
1683849600,5.278,5.35,5.117,5.342,2844970.82
1683936000,5.342,5.396,5.313,5.346,1362265.01
1684022400,5.347,5.448,5.31,5.347,1414347.84
1684108800,5.349,5.431,5.267,5.313,2109633.37
1684195200,5.313,5.337,5.232,5.296,1827920.88
1684281600,5.297,5.44,5.221,5.422,2843186.06
1684368000,5.423,5.467,5.246,5.338,2885485.35
1684454400,5.338,5.393,5.313,5.372,1832422.71
1684540800,5.372,5.446,5.329,5.409,1506151.33
1684627200,5.409,5.433,5.242,5.273,1554875.25
1684713600,5.273,5.337,5.224,5.311,1716607.63
1684800000,5.312,5.45,5.29,5.401,1761134.4
1684886400,5.401,5.405,5.196,5.252,2314581.38
1684972800,5.253,5.297,5.14,5.245,2043413.21
1685059200,5.245,5.273,5.188,5.245,1672238.06
1685145600,5.244,5.375,5.231,5.337,1923151.28
1685232000,5.336,5.561,5.316,5.502,2093452.08
1685318400,5.502,5.539,5.414,5.459,1871798.74
1685404800,5.459,5.53,5.407,5.442,2241581.42
1685491200,5.441,5.463,5.269,5.315,2704545.15
1685577600,5.315,5.335,5.187,5.206,2320022.58
1685664000,5.206,5.435,5.16,5.278,2814835.17
1685750400,5.277,5.341,5.24,5.341,1228101.12
1685836800,5.341,5.384,5.306,5.314,1791577.75
1685923200,5.314,5.322,4.9,5.065,5436176.7
1686009600,5.065,5.27,4.985,5.202,3042165.47
1686096000,5.202,5.212,4.976,5.024,2788128.22
1686182400,5.024,5.058,4.977,5.023,2253377.78
1686268800,5.023,5.07,4.93,4.982,1851425.12
1686355200,4.982,4.986,4.2,4.517,11793308.25
1686441600,4.516,4.553,4.424,4.523,2824128.89
1686528000,4.523,4.556,4.411,4.535,2692091.23
1686614400,4.535,4.721,4.495,4.627,2663019.47
1686700800,4.627,4.802,4.505,4.569,3575780.44
1686787200,4.568,4.62,4.272,4.374,7444659.22
1686873600,4.375,4.468,4.276,4.422,3261216.97
1686960000,4.423,4.567,4.396,4.53,2348383.65
1687046400,4.53,4.667,4.478,4.536,2497125.54
1687132800,4.537,4.588,4.433,4.53,2442478.42
1687219200,4.53,4.678,4.374,4.662,3232432.59
1687305600,4.662,4.92,4.635,4.821,4584261.68
1687392000,4.821,4.976,4.745,4.825,4144355.55
1687478400,4.824,5.138,4.82,5.098,4776899.26
1687564800,5.098,5.139,4.905,5.008,2775434.8
1687651200,5.008,5.246,5.002,5.194,4469195.22
1687737600,5.194,5.238,5,5.024,5174613.73
1687824000,5.024,5.154,4.997,5.096,2553579.31
1687910400,5.095,5.099,4.746,4.879,3414960.81
1687996800,4.881,5.236,4.87,4.985,4821782.23
1688083200,4.986,5.2,4.789,5.18,6600936.81
1688169600,5.18,5.392,5.112,5.351,4991687.74
1688256000,5.351,5.53,5.224,5.496,4416008.07
1688342400,5.495,5.635,5.377,5.431,3882932.74
1688428800,5.429,5.513,5.256,5.348,3200600.98
1688515200,5.348,5.38,5.117,5.208,2843294.07
1688601600,5.207,5.368,5.01,5.014,2938752.21
1688688000,5.015,5.179,4.975,5.119,1988995.87
1688774400,5.119,5.196,5.055,5.128,1200936.94
1688860800,5.126,5.16,5.062,5.081,1198821.42
1688947200,5.081,5.23,4.98,5.131,2539022.61
1689033600,5.13,5.217,5.089,5.214,1663952.63
1689120000,5.213,5.31,5.1,5.147,2569152.05
1689206400,5.146,5.55,5.096,5.545,5509995.96
1689292800,5.544,5.76,5.3,5.451,6354310.66
1689379200,5.451,5.564,5.383,5.432,1900188.55
1689465600,5.432,5.448,5.256,5.311,2128124.43
1689552000,5.311,5.416,5.173,5.304,3209841.19
1689638400,5.303,5.391,5.1,5.181,3684193.8
1689724800,5.179,5.257,5.129,5.193,2323483.99
1689811200,5.191,5.488,5.184,5.355,3840654.42
1689897600,5.355,5.71,5.337,5.485,5401854.57
1689984000,5.486,5.518,5.266,5.314,2248518.21
1690070400,5.315,5.493,5.275,5.391,2228062.7
1690156800,5.391,5.416,5.1,5.209,3366607.8
1690243200,5.21,5.256,5.129,5.175,1752052.61
1690329600,5.176,5.295,5.117,5.235,1716359.24
1690416000,5.235,5.336,5.182,5.239,1624000.67
1690502400,5.239,5.273,5.16,5.219,1745955.05
1690588800,5.218,5.259,5.204,5.248,840163.33
1690675200,5.248,5.276,5.1,5.184,1630741.35
1690761600,5.183,5.261,5.046,5.109,2162179.25
1690848000,5.109,5.209,4.95,5.208,2583489.21
1690934400,5.207,5.22,5.012,5.061,1875088.24
1691020800,5.06,5.075,4.929,4.979,1578703.36
1691107200,4.978,5.046,4.939,4.993,1321512.55
1691193600,4.993,4.996,4.929,4.974,694952.49
1691280000,4.975,5.046,4.959,5.005,1124716.73
1691366400,5.006,5.049,4.835,4.971,1664265.82
1691452800,4.971,5.098,4.933,5.059,1388611.45
1691539200,5.06,5.106,4.997,5.059,1393130.31
1691625600,5.06,5.067,4.977,5.006,1155363.93
1691712000,5.005,5.02,4.956,5.007,1022335.23
1691798400,5.008,5.044,4.997,5.04,817443.05
1691884800,5.039,5.045,4.968,4.987,1063886.17
1691971200,4.987,5.058,4.951,4.989,1470525.11
1692057600,4.989,4.998,4.622,4.818,2154803.35
1692144000,4.817,4.842,4.531,4.672,2433575.41
1692230400,4.672,4.982,4.312,4.429,4837864.01
1692316800,4.429,4.56,4.365,4.51,2973054.24
1692403200,4.511,4.553,4.454,4.517,992385.44
1692489600,4.517,4.533,4.466,4.519,1000903.19
1692576000,4.521,4.537,4.362,4.427,1589298.11
1692662400,4.427,4.45,4.25,4.423,2514612.21
1692748800,4.425,4.537,4.378,4.489,2111348
1692835200,4.489,4.517,4.368,4.424,1954030.49
1692921600,4.422,4.496,4.357,4.49,1865483.14
1693008000,4.49,4.514,4.476,4.507,1360546.99
1693094400,4.505,4.544,4.461,4.489,1274702.18
1693180800,4.489,4.622,4.416,4.61,3101890.05
1693267200,4.61,4.806,4.54,4.678,4406290.23
1693353600,4.678,4.68,4.5,4.534,2107999.59
1693440000,4.535,4.535,4.234,4.271,5159773.24
1693526400,4.271,4.295,4.136,4.218,3247599.73
1693612800,4.218,4.274,4.201,4.261,1385184.88
1693699200,4.262,4.3,4.226,4.259,1249649.68
1693785600,4.26,4.321,4.193,4.26,2592614.46
1693872000,4.26,4.303,4.198,4.257,1833680.97
1693958400,4.257,4.289,4.171,4.272,2292602.88
1694044800,4.273,4.31,4.235,4.294,2015368.19
1694131200,4.294,4.332,4.204,4.253,1911730.39
1694217600,4.253,4.278,4.236,4.236,810888.38
1694304000,4.236,4.238,4.103,4.149,2602755.63
1694390400,4.149,4.155,3.908,3.989,4954332.39
1694476800,3.988,4.097,3.953,3.986,3322442.65
1694563200,3.987,4.1,3.95,3.998,2434240.08
1694649600,3.999,4.088,3.973,4.058,2826450.26
1694736000,4.059,4.172,4.046,4.139,2403258.06
1694822400,4.138,4.225,4.134,4.185,1814021.69
1694908800,4.187,4.189,4.046,4.07,1800037.06
1694995200,4.07,4.22,4.014,4.106,2979553.42
1695081600,4.106,4.17,4.079,4.152,2631215.34
1695168000,4.154,4.168,4.065,4.138,1646018.87
1695254400,4.139,4.166,4.001,4.012,1780734.04
1695340800,4.012,4.038,3.976,4.019,1633445.47
1695427200,4.019,4.038,3.998,4.033,1005804.33
1695513600,4.033,4.058,3.971,3.993,1093945.04
1695600000,3.99,4.09,3.947,4.068,2354682.85
1695686400,4.067,4.092,3.974,4.013,2176205.87
1695772800,4.013,4.075,3.967,3.993,2220464.79
1695859200,3.993,4.101,3.981,4.073,2423443.08
1695945600,4.074,4.12,4.055,4.074,2088662.26
1696032000,4.074,4.119,4.071,4.103,1275233.11
1696118400,4.104,4.289,4.102,4.263,2265876.1
1696204800,4.264,4.31,4.058,4.12,3854026.25
1696291200,4.121,4.162,4.05,4.077,1564379.73
1696377600,4.076,4.076,3.958,4.042,2554470.06
1696464000,4.042,4.088,4,4.024,1725328.6
1696550400,4.024,4.094,3.998,4.068,1399327.65
1696636800,4.069,4.114,4.044,4.051,1027727.79
1696723200,4.052,4.072,4,4.012,1327658.78
1696809600,4.012,4.03,3.756,3.881,3725371.284
1696896000,3.88,3.895,3.77,3.811,1997871.04
1696982400,3.812,3.823,3.7,3.74,2158166.14
1697068800,3.739,3.741,3.621,3.676,2722797.38
1697155200,3.676,3.776,3.667,3.721,1628293.29
1697241600,3.721,3.762,3.717,3.735,1024225.4
1697328000,3.734,3.782,3.707,3.753,1572397.09
1697414400,3.753,3.9,3.736,3.776,3758880.85
1697500800,3.776,3.779,3.636,3.67,2232638.47
1697587200,3.669,3.723,3.629,3.654,1660166.05
1697673600,3.653,3.66,3.562,3.649,2373829.06
1697760000,3.649,3.805,3.638,3.718,3760071.55
1697846400,3.72,3.98,3.706,3.909,3652845.43
1697932800,3.909,3.973,3.795,3.967,3393543.88
1698019200,3.967,4.368,3.918,4.357,8758003.44
1698105600,4.358,4.425,4.096,4.19,9440500.3
1698192000,4.189,4.355,4.137,4.291,5030468.8
1698278400,4.292,4.451,4.15,4.234,5741821.06
1698364800,4.234,4.236,4.01,4.135,5100506.33
1698451200,4.134,4.225,4.13,4.181,2924361.17
1698537600,4.181,4.355,4.126,4.315,3308326.4
1698624000,4.315,4.532,4.233,4.525,6732331.76
1698710400,4.525,4.603,4.272,4.449,7122930.14
1698796800,4.448,4.804,4.322,4.727,8664657.37
1698883200,4.728,4.795,4.51,4.629,7516552.17
1698969600,4.63,4.646,4.456,4.61,4994752.05
1699056000,4.611,4.78,4.585,4.681,3730420.45
1699142400,4.682,4.91,4.653,4.762,8339719.52
1699228800,4.763,4.994,4.677,4.967,8062202.56
1699315200,4.967,5.05,4.719,4.927,6434501.97
1699401600,4.927,5.094,4.86,5.033,7479657.7
1699488000,5.032,5.265,4.457,5.09,11953209.53
1699574400,5.093,5.317,4.964,5.3,8809057.17
1699660800,5.3,5.682,5.086,5.557,13408385.78
1699747200,5.557,5.859,5.344,5.709,12507667.74
1699833600,5.709,5.89,5.331,5.348,10036536.86
1699920000,5.349,5.522,5,5.197,8881631.37
1700006400,5.198,5.64,5.185,5.564,8603942.41
1700092800,5.563,5.809,5.271,5.352,11216571.93
1700179200,5.352,5.486,5.05,5.244,6627256.73
1700265600,5.243,5.29,4.991,5.289,5049686.4
1700352000,5.29,5.481,5.176,5.434,5288348.36
1700438400,5.433,5.569,5.255,5.302,6191396.11
1700524800,5.302,5.326,4.819,4.858,9809122.53
1700611200,4.857,5.287,4.843,5.174,6324028.79
1700697600,5.174,5.219,5.082,5.139,3046432.52
1700784000,5.139,5.294,5.118,5.242,5725071.98
1700870400,5.242,5.389,5.213,5.328,3228936.41
1700956800,5.328,5.415,5.145,5.329,4327342.3
1701043200,5.329,5.377,5.037,5.156,6281479.69
1701129600,5.156,5.313,5.102,5.275,5448920.48
1701216000,5.275,5.4,5.15,5.161,4978065.6
1701302400,5.161,5.591,5.118,5.473,9449624.6
1701388800,5.473,5.525,5.369,5.471,3790598.48
1701475200,5.47,5.604,5.45,5.562,3691046.39
1701561600,5.562,5.624,5.43,5.541,4369800.25
1701648000,5.54,5.721,5.421,5.632,8239235.76
1701734400,5.633,5.946,5.511,5.907,11736819.83
1701820800,5.907,6.205,5.77,6.046,11202513.64
1701907200,6.045,6.3,5.901,6.242,8281399.33
1701993600,6.242,6.914,6.166,6.837,11355959.93
1702080000,6.838,7.689,6.83,7.101,16985044.2
1702166400,7.102,7.362,6.959,7.348,6780828.9
1702252800,7.348,7.361,6.285,6.709,12451395.17
1702339200,6.706,7.353,6.696,7.131,13610015.42
1702425600,7.133,7.648,6.613,7.603,11463964.93
1702512000,7.602,7.769,6.955,7.507,12681742.91
1702598400,7.508,7.564,6.926,6.951,10696904.91
1702684800,6.951,7.352,6.859,7.092,6517746.9
1702771200,7.092,7.163,6.749,6.784,6649743.84
1702857600,6.785,6.886,6.368,6.885,7414872.74
1702944000,6.884,7.049,6.612,6.706,5474784.2
1703030400,6.706,7.136,6.618,6.951,8621839.76
1703116800,6.952,8.435,6.915,8.42,27166695.07
1703203200,8.422,8.58,7.841,7.954,16078478.66
1703289600,7.954,8.446,7.578,8.326,12748793.29
1703376000,8.326,9.2,8.315,8.611,26401737.92
1703462400,8.612,9.4,8.499,9.191,19304116.18
1703548800,9.192,9.593,8.353,8.819,14922261.11
1703635200,8.819,9.063,8.402,8.694,9947554.08
1703721600,8.695,8.912,8.263,8.426,9422637.54
1703808000,8.427,8.686,8.049,8.291,11281188.12
1703894400,8.291,8.489,8.095,8.346,4747990.66
1703980800,8.346,8.648,8.025,8.202,6738987.99
1704067200,8.203,8.63,8.061,8.595,5268802.23
1704153600,8.594,8.806,8.317,8.411,6792266.31
1704240000,8.408,8.575,6.5,7.626,14473959.94
1704326400,7.626,7.999,7.469,7.879,7500909.27
1704412800,7.879,7.954,7.178,7.45,7631254.61
1704499200,7.448,7.448,6.943,7.133,4644445.49
1704585600,7.132,7.327,6.817,6.899,4713975.33
1704672000,6.899,7.506,6.51,7.483,8524497.42
1704758400,7.483,7.527,6.908,7.129,6989170.94
1704844800,7.128,8.091,6.8,7.991,9967541.16
1704931200,7.99,8.58,7.85,8.148,12836225.08
1705017600,8.147,8.212,7.31,7.567,8688542.18
1705104000,7.566,7.753,7.37,7.617,4481440.54
1705190400,7.618,7.699,7.316,7.319,3486216.3
1705276800,7.319,7.692,7.308,7.509,4209668.41
1705363200,7.509,7.688,7.339,7.493,4432209.01
1705449600,7.492,7.597,7.255,7.35,4237892.42
1705536000,7.349,7.39,6.82,7.017,6630266.6
1705622400,7.018,7.052,6.571,6.894,6152238.35
1705708800,6.894,6.951,6.778,6.913,3231059.21
1705795200,6.913,6.977,6.801,6.817,2659737.77
1705881600,6.815,6.848,6.293,6.341,8335532.94
1705968000,6.342,6.455,5.979,6.361,7491685.08
1706054400,6.362,6.542,6.26,6.462,4831265.54
1706140800,6.461,6.579,6.346,6.438,3968963.16
1706227200,6.438,6.73,6.361,6.672,5226941
1706313600,6.671,6.753,6.53,6.669,3827612.45
1706400000,6.669,6.875,6.567,6.872,5140566.57
1706486400,6.871,7.298,6.705,7.032,9464149.78
1706572800,7.031,7.087,6.822,6.836,5806026.21
1706659200,6.838,6.888,6.584,6.654,5331313.42
1706745600,6.653,6.816,6.53,6.791,3801576.85
1706832000,6.791,7.028,6.763,6.947,3879893.39
1706918400,6.947,7.01,6.813,6.825,2228612.1
1707004800,6.826,6.826,6.647,6.666,1847358.83
1707091200,6.666,6.976,6.592,6.737,4053934.37
1707177600,6.737,6.832,6.639,6.807,3262058.56
1707264000,6.806,6.966,6.671,6.941,3978510.79
1707350400,6.941,7.11,6.87,7.013,5636725.94
1707436800,7.014,7.329,6.96,7.196,6703902
1707523200,7.197,7.29,7.059,7.2,3362657.29
1707609600,7.2,7.342,7.077,7.099,4140070.61
1707696000,7.099,7.377,6.978,7.34,6638724.11
1707782400,7.34,7.45,7.111,7.353,5806068.65
1707868800,7.354,7.71,7.273,7.649,6998063.16
1707955200,7.648,7.95,7.526,7.781,8076847.34
1708041600,7.781,7.868,7.537,7.647,5128123.74
1708128000,7.647,7.709,7.34,7.704,3946834.47
1708214400,7.704,7.92,7.676,7.86,4114553.53
1708300800,7.86,8.148,7.651,8.029,8186553
1708387200,8.029,8.117,7.399,7.731,9552318.01
1708473600,7.731,7.732,7.225,7.466,6514766.28
1708560000,7.466,7.687,7.274,7.48,5384307.43
1708646400,7.481,7.646,7.269,7.563,6638489.31
1708732800,7.564,7.891,7.431,7.819,6116096.37
1708819200,7.819,7.95,7.677,7.923,4176758.99
1708905600,7.924,8.117,7.583,8.109,7572230.28
1708992000,8.109,8.449,7.987,8.371,10449184.54
1709078400,8.371,8.715,7.713,8.342,15023729.48
1709164800,8.342,8.899,8.029,8.261,11567082.87
1709251200,8.263,8.673,8.263,8.661,7440771.13
1709337600,8.661,9.467,8.576,9.463,12812343.11
1709424000,9.463,9.9,8.576,9.781,15549955.02
1709510400,9.781,10.31,9.5,9.862,20642389.86
1709596800,9.862,10.762,8.17,9.32,31707926.36
1709683200,9.32,10.56,8.924,10.544,17135241.23
1709769600,10.544,11,10.209,10.402,11994126.73
1709856000,10.404,10.7,9.946,10.637,12982892.21
1709942400,10.637,10.95,10.409,10.493,9384527.61
1710028800,10.494,10.574,9.963,10.261,7587844.77
1710115200,10.262,11.249,9.791,11.043,14996657.84
1710201600,11.043,11.15,10.02,10.736,12039946.94
1710288000,10.736,11.46,10.638,11.374,11969881.19
1710374400,11.374,11.889,10.675,11.558,20155350.19
1710460800,11.557,11.706,9.975,10.81,20216540.26
1710547200,10.811,10.899,9.502,9.682,13825011.98
1710633600,9.684,10.252,9.19,10.083,9420189.81
1710720000,10.083,10.456,9.602,9.902,9838197.4
1710806400,9.901,9.994,8.6,8.766,15363075.8
1710892800,8.766,9.567,8.488,9.483,12729562.23
1710979200,9.483,9.583,9.067,9.179,7536093.12
1711065600,9.179,9.367,8.694,8.936,6104700.92
1711152000,8.939,9.224,8.852,8.968,3464506.12
1711238400,8.967,9.43,8.952,9.37,3551552.34
1711324800,9.372,9.832,9.287,9.735,6350466.97
1711411200,9.737,10.057,9.525,9.689,8244078.96
1711497600,9.689,9.814,9.304,9.445,7078224.52
1711584000,9.448,9.659,9.3,9.522,5433742.81
1711670400,9.524,9.81,9.344,9.601,6430200.46
1711756800,9.601,9.699,9.387,9.429,3097586.67
1711843200,9.429,9.649,9.414,9.647,2347041.29
1711929600,9.647,9.747,8.923,9.143,6554213.02
1712016000,9.143,9.143,8.37,8.582,8040640.57
1712102400,8.582,8.78,8.284,8.416,5456340.4
1712188800,8.416,8.711,8.263,8.486,5143837.32
1712275200,8.486,8.511,8.076,8.379,4594358.61
1712361600,8.379,8.555,8.329,8.494,3135750.79
1712448000,8.495,8.741,8.458,8.704,3777830.16
1712534400,8.704,9.096,8.57,9.043,5282323.07
1712620800,9.043,9.137,8.632,8.659,6315720
1712707200,8.657,8.701,8.122,8.408,6364196.82
1712793600,8.408,8.528,8.183,8.384,4548223.43
1712880000,8.382,8.49,6.503,7.24,18112289.17
1712966400,7.24,7.334,5.693,6.388,21049661.8
1713052800,6.389,6.929,6.193,6.855,15785330.1
1713139200,6.855,7.206,6.429,6.708,9782724.46
1713225600,6.708,6.821,6.371,6.702,5720075.35
1713312000,6.7,6.779,6.326,6.583,4881081.63
1713398400,6.58,6.829,6.445,6.784,3726348.91
1713484800,6.783,6.917,6.274,6.682,7702126.65
1713571200,6.681,7.283,6.608,7.241,3963964.15
1713657600,7.241,7.288,6.962,7.14,2994106.76
1713744000,7.139,7.583,7.089,7.466,5143305.97
1713830400,7.467,7.543,7.205,7.242,4802056.52
1713916800,7.243,7.5,6.857,6.931,6094306.22
1714003200,6.932,7.001,6.703,6.862,4296277.37
1714089600,6.863,6.951,6.714,6.764,4650325.63
1714176000,6.765,6.866,6.511,6.807,3888055.62
1714262400,6.808,6.951,6.69,6.728,2445507.2
1714348800,6.726,6.826,6.47,6.587,3658934.18
1714435200,6.588,6.669,6.04,6.425,7667235.19
1714521600,6.423,6.935,6.129,6.899,9928379.44
1714608000,6.9,7.409,6.694,7.273,5866303.67
1714694400,7.272,7.386,7.002,7.245,6917886.48
1714780800,7.244,7.28,7.105,7.122,3557671.87
1714867200,7.122,7.4,7.014,7.302,4163778.64
1714953600,7.303,7.473,7.06,7.121,4753151.15
1715040000,7.119,7.295,6.979,6.993,3682848.45
1715126400,6.992,7.189,6.893,6.983,3774626.84
1715212800,6.982,7.089,6.782,7.05,3379414.81
1715299200,7.049,7.149,6.69,6.746,4044018.42
1715385600,6.745,6.809,6.635,6.659,2377967.87
1715472000,6.659,6.793,6.586,6.617,1576234.91
1715558400,6.616,6.826,6.431,6.669,3606786.8
1715644800,6.671,6.698,6.469,6.485,2744202.98
1715731200,6.485,7.029,6.461,6.961,4442558.01
1715817600,6.961,7.066,6.812,7.025,3415709.35
1715904000,7.025,7.299,6.999,7.199,4256397.78
1715990400,7.198,7.232,7.063,7.157,1889934.65
1716076800,7.157,7.18,6.889,6.931,1874582.61
1716163200,6.93,7.584,6.851,7.575,4828245.07
1716249600,7.574,7.671,7.428,7.61,4957810.67
1716336000,7.609,7.701,7.38,7.467,4310060.98
1716422400,7.466,7.604,6.895,7.2,8045710.66
1716508800,7.199,7.386,7.017,7.244,3827983.04
1716595200,7.244,7.438,7.22,7.425,2016462.27
1716681600,7.426,7.64,7.367,7.557,2927564.39
1716768000,7.556,7.775,7.38,7.64,3611626.96
1716854400,7.64,7.667,7.277,7.37,4935005.61
1716940800,7.371,7.562,7.145,7.178,4221424.57
1717027200,7.178,7.243,6.923,6.998,4211075.5
1717113600,6.997,7.054,6.803,6.984,2478066.66
1717200000,6.984,7.135,6.959,7.062,1506527.64
1717286400,7.061,7.125,6.917,6.988,1812466.32
1717372800,6.989,7.191,6.932,7.009,3867604.77
1717459200,7.009,7.236,6.941,7.177,2889356.19
1717545600,7.178,7.298,7.148,7.251,2836358.18
1717632000,7.25,7.288,7.056,7.144,2433999.18
1717718400,7.145,7.291,6.053,6.659,8416185.59
1717804800,6.659,6.683,6.338,6.384,3615115.34
1717891200,6.384,6.54,6.375,6.527,2659717.39
1717977600,6.527,6.582,6.357,6.506,2942181.04
1718064000,6.506,6.527,6.217,6.378,5420734.07
1718150400,6.378,6.931,6.276,6.738,7033186.82
1718236800,6.737,6.743,6.336,6.359,3581239.76
1718323200,6.36,6.488,6,6.163,5069082.95
1718409600,6.162,6.258,6.109,6.223,1928449.76
1718496000,6.223,6.428,6.149,6.396,3423193.06
1718582400,6.397,6.418,5.987,6.069,4149733.54
1718668800,6.069,6.089,5.46,5.771,10700166.19
1718755200,5.771,5.993,5.73,5.799,4114058.81
1718841600,5.798,5.972,5.6,5.642,3352117.74
1718928000,5.643,5.737,5.549,5.611,3503011.61
1719014400,5.612,5.805,5.541,5.751,2939866.91
1719100800,5.752,5.83,5.587,5.652,1702329.17
1719187200,5.651,5.74,5.389,5.729,5455119.88
1719273600,5.727,5.976,5.705,5.842,3888721.25
1719360000,5.841,5.949,5.757,5.799,2681962.98
1719446400,5.799,6.38,5.706,6.287,6316840.04
1719532800,6.286,6.442,6.159,6.19,3765151.4
1719619200,6.189,6.305,6.063,6.08,1478576.61
1719705600,6.08,6.26,6.023,6.215,1831777.53
1719792000,6.216,6.45,6.195,6.329,3174108.21
1719878400,6.33,6.611,6.314,6.531,5472083.79
1719964800,6.531,6.545,5.998,6.081,4570764.83
1720051200,6.082,6.134,5.539,5.556,6705156.48
1720137600,5.556,5.918,4.915,5.687,20535452.4
1720224000,5.686,6.312,5.631,6.24,11542351.46
1720310400,6.24,6.313,5.882,5.911,5276684.6
1720396800,5.909,6.293,5.695,5.944,6138945.03
1720483200,5.943,6.2,5.84,6.117,4353640.81
1720569600,6.117,6.26,6.05,6.097,4110238.98
1720656000,6.096,6.248,5.895,5.903,2350422.86
1720742400,5.902,6.104,5.801,6.103,2711128.45
1720828800,6.102,6.306,6.074,6.232,2003082.88
1720915200,6.233,6.357,6.159,6.32,2826709.6
1721001600,6.32,6.543,6.295,6.484,5049392.8
1721088000,6.486,6.513,6.126,6.337,4558393.8
1721174400,6.335,6.535,6.246,6.255,3182801.28
1721260800,6.254,6.407,6.02,6.093,3370663.16
1721347200,6.092,6.48,5.978,6.338,2757057.53
1721433600,6.337,6.397,6.224,6.333,1720991.41
1721520000,6.332,6.445,6.1,6.43,2339766.13
1721606400,6.43,6.476,6.08,6.096,2585309.02
1721692800,6.095,6.165,5.799,5.917,2986487.42
1721779200,5.917,5.997,5.654,5.748,2358741.13
1721865600,5.747,5.779,5.54,5.755,2972357.49
1721952000,5.755,5.891,5.726,5.867,2528303.82
1722038400,5.867,5.942,5.715,5.825,2061613.39
1722124800,5.825,5.844,5.67,5.718,1204090.29
1722211200,5.72,5.88,5.622,5.649,2552750.24
1722297600,5.65,5.726,5.481,5.519,1921244.42
1722384000,5.519,5.559,5.335,5.389,2644241.77
1722470400,5.389,5.422,5.026,5.34,4408677.71
1722556800,5.341,5.369,5,5.122,3554684.74
1722643200,5.123,5.209,4.854,5.045,3126943.96
1722729600,5.044,5.097,4.534,4.688,4876624.24
1722816000,4.688,4.726,3.59,4.2,21997702.93
1722902400,4.199,4.604,4.194,4.509,5497287.59
1722988800,4.509,4.641,4.403,4.579,5243270.78
1723075200,4.579,4.904,4.48,4.879,4847719.81
1723161600,4.879,4.924,4.73,4.783,2737150.09
1723248000,4.783,4.832,4.723,4.754,1189116.19
1723334400,4.753,4.829,4.466,4.495,1800885.03
1723420800,4.495,4.68,4.45,4.588,2055574.69
1723507200,4.587,4.65,4.398,4.547,2199766.63
1723593600,4.546,4.554,4.343,4.383,2361315.25
1723680000,4.383,4.481,4.227,4.277,2334737.9
1723766400,4.278,4.387,4.211,4.292,1920753.49
1723852800,4.293,4.384,4.275,4.369,859646.82
1723939200,4.37,4.529,4.346,4.39,2034044.35
1724025600,4.391,4.504,4.344,4.481,1876212.07
1724112000,4.481,4.604,4.455,4.524,2015995.76
1724198400,4.524,4.749,4.492,4.663,2872074.59
1724284800,4.664,4.72,4.591,4.689,3039748.99
1724371200,4.69,4.953,4.684,4.891,3604290.98
1724457600,4.892,5.1,4.845,4.981,3274573.09
1724544000,4.982,4.995,4.744,4.819,3038021.47
1724630400,4.823,4.866,4.53,4.558,2919726.61
1724716800,4.557,4.658,4.24,4.378,4020085.47
1724803200,4.378,4.453,4.165,4.254,3363625.7
1724889600,4.255,4.403,4.179,4.252,2528160.83
1724976000,4.252,4.335,4.101,4.277,2493943.55
1725062400,4.277,4.318,4.218,4.258,1087944.03
1725148800,4.259,4.259,4.032,4.068,2516218.02
1725235200,4.068,4.234,4.051,4.208,2199151.08
1725321600,4.209,4.285,4.056,4.062,2045219.35
1725408000,4.063,4.197,3.868,4.111,4271469.46
1725494400,4.111,4.127,3.973,4.021,1907467.81
1725580800,4.022,4.096,3.818,3.959,3968575.54
1725667200,3.96,4.133,3.935,4.079,1686608.94
1725753600,4.08,4.208,4.059,4.161,1503933.15
1725840000,4.162,4.341,4.111,4.286,2798131.43
1725926400,4.286,4.289,4.197,4.251,1848659.47
1726012800,4.25,4.257,4.058,4.191,2947171.99
1726099200,4.192,4.3,4.189,4.294,2205112.48
1726185600,4.294,4.472,4.27,4.42,3251739.87
1726272000,4.42,4.445,4.344,4.437,1857961.23
1726358400,4.437,4.558,4.355,4.393,2920077.53
1726444800,4.393,4.393,4.148,4.196,3152928.3
1726531200,4.195,4.288,4.127,4.157,3322360.31
1726617600,4.158,4.178,3.973,4.176,4814848.56
1726704000,4.177,4.352,4.177,4.255,4658192.56
1726790400,4.255,4.404,4.19,4.34,4540903.46
1726876800,4.339,4.477,4.282,4.462,2465166.54
1726963200,4.46,4.483,4.234,4.311,2410272.28
1727049600,4.31,4.462,4.233,4.458,3549403.67
1727136000,4.458,4.684,4.401,4.635,4816662.23
1727222400,4.636,4.773,4.59,4.637,3965799.79
1727308800,4.637,4.878,4.564,4.814,3813731.87
1727395200,4.814,4.964,4.809,4.882,4302233.12
1727481600,4.883,4.93,4.746,4.794,2346081.15
1727568000,4.794,4.858,4.682,4.767,2288995.53
1727654400,4.767,4.771,4.399,4.432,4303691.53
1727740800,4.432,4.563,4.051,4.154,8519076.94
1727827200,4.154,4.27,4.004,4.102,4868593.35
1727913600,4.102,4.173,3.989,4.129,4867140.66
1728000000,4.129,4.212,4.106,4.194,3025511.57
1728086400,4.194,4.234,4.075,4.139,1785207.19
1728172800,4.139,4.195,4.097,4.191,1577602.61
1728259200,4.19,4.272,4.126,4.131,3779052.3
1728345600,4.13,4.184,4.045,4.104,3238080.04
1728432000,4.105,4.15,3.951,4.024,3076173.21
1728518400,4.024,4.077,3.962,4.073,2490257.83
1728604800,4.073,4.196,4.053,4.171,2347729.65
1728691200,4.172,4.263,4.152,4.205,2311858.57
1728777600,4.205,4.216,4.086,4.162,1965193.65
1728864000,4.163,4.4,4.134,4.378,4101366.34
1728950400,4.379,4.535,4.291,4.406,6569159.09
1729036800,4.407,4.411,4.287,4.314,3164327.04
1729123200,4.313,4.35,4.146,4.193,2710997.96
1729209600,4.193,4.312,4.173,4.31,2869979.62
1729296000,4.311,4.483,4.31,4.432,3363117.5
1729382400,4.433,4.594,4.357,4.579,3366066.45
1729468800,4.578,4.615,4.334,4.377,3629142.83
1729555200,4.378,4.437,4.271,4.322,3090937
1729641600,4.324,4.332,4.104,4.21,3130845
1729728000,4.21,4.26,4.143,4.206,3252270.96
1729814400,4.206,4.22,3.848,3.996,5549275.62
1729900800,3.996,4.061,3.943,4.035,3482001.47
1729987200,4.036,4.136,4.007,4.128,2787235.2
1730073600,4.129,4.226,4.004,4.132,5064133.38
1730160000,4.133,4.251,4.119,4.193,5447880.2
1730246400,4.193,4.218,4.119,4.191,4299714.15
1730332800,4.192,4.215,3.901,3.959,6741494
1730419200,3.959,3.996,3.845,3.908,5578717.23
1730505600,3.908,3.949,3.823,3.908,3320709.06
1730592000,3.908,3.931,3.665,3.784,6064734.41
1730678400,3.786,3.839,3.679,3.752,3353577.29
1730764800,3.751,3.919,3.746,3.855,3347876.96
1730851200,3.856,4.13,3.855,4.111,9391141.87
1730937600,4.111,4.199,4.045,4.163,7086769.64
1731024000,4.164,4.392,4.116,4.325,11448594.98
1731110400,4.324,4.641,4.262,4.63,8503678.87
1731196800,4.632,5.478,4.582,5.241,35504372.79
1731283200,5.242,5.786,4.972,5.71,21631063.61
1731369600,5.71,5.839,5.116,5.308,26930359.43
1731456000,5.309,5.429,4.908,5.073,20191236.54
1731542400,5.072,5.216,4.686,4.775,13094082.94
1731628800,4.777,5.174,4.704,5.161,10257406.37
1731715200,5.16,5.803,5.132,5.787,17564833.99
1731801600,5.786,6.147,5.304,5.424,18374242.79
1731888000,5.425,6.1,5.392,6.008,16117811.2
1731974400,6.008,6.044,5.659,5.805,9028491.8
1732060800,5.805,6.08,5.532,5.724,13729161.22
1732147200,5.724,5.968,5.473,5.93,13681255.17
1732233600,5.932,6.687,5.878,6.63,21148336.67
1732320000,6.631,9.432,6.585,8.515,60359355.47
1732406400,8.515,10.5,8.042,8.825,55980685.72
1732492800,8.824,9.359,8.11,8.232,23515306.26
1732579200,8.231,8.468,7.55,8.065,20294174.75
1732665600,8.065,8.568,7.842,8.456,15952780.89
1732752000,8.457,8.752,8.002,8.615,12382641.04
1732838400,8.615,9.076,8.44,9.026,16424896.92
1732924800,9.027,9.224,8.604,8.945,18065505.49
1733011200,8.945,9.388,8.696,9.289,14685246
1733097600,9.291,10.198,8.455,10.011,30869602.68
1733184000,10.011,10.39,9.055,9.78,30261037.54
1733270400,9.781,11.649,9.663,10.512,40288736.88
1733356800,10.513,11.233,9.895,10.369,25573286.13
1733443200,10.37,10.887,10.011,10.673,16867235.82
1733529600,10.673,10.928,10.306,10.592,11608605.32
1733616000,10.592,10.8,10.1,10.392,9936977.11
1733702400,10.393,10.397,7.5,8.468,30556061.58
1733788800,8.468,8.718,7.59,8.395,23727142.47
1733875200,8.394,9.269,8.023,8.993,16541944.16
1733961600,8.993,9.669,8.911,9.061,17978417.97
1734048000,9.062,9.234,8.772,9.089,11250987.35
1734134400,9.088,9.212,8.347,8.551,10546490.88
1734220800,8.553,9.264,8.367,9.028,12168923.08
1734307200,9.028,9.204,8.587,8.756,11767882.69
1734393600,8.756,8.972,8.379,8.487,9689503.83
1734480000,8.49,8.545,7.563,7.679,14284782.32
1734566400,7.679,7.802,6.76,6.941,22054262.66
1734652800,6.942,7.36,6.01,7.29,23182838.78
1734739200,7.291,7.802,6.836,6.973,12411891.98
1734825600,6.976,7.27,6.682,6.842,8776666.68
1734912000,6.844,7.572,6.654,7.385,10441949.73
1734998400,7.384,7.64,7.154,7.552,7945555.67
1735084800,7.551,7.678,7.353,7.502,5305255.63
1735171200,7.502,7.592,6.881,6.932,5952209.03
1735257600,6.933,7.312,6.815,6.91,6318307.4
1735344000,6.912,7.184,6.792,7.113,4219904.23
1735430400,7.114,7.152,6.81,6.865,3618120.74
1735516800,6.867,7.109,6.537,6.704,6758873.72
1735603200,6.706,6.929,6.565,6.643,4270052.58
1735689600,6.642,7.141,6.52,7.051,4854650.19
1735776000,7.052,7.36,7.051,7.177,5662998.77
1735862400,7.179,8.044,7.135,7.754,10892070.17
1735948800,7.753,7.882,7.604,7.677,5399719.09
1736035200,7.678,7.735,7.46,7.671,3864962.36
1736121600,7.672,7.988,7.54,7.768,7081416.98
1736208000,7.77,7.888,7.006,7.014,12003377.11
1736294400,7.013,7.136,6.421,6.76,12158592.89
1736380800,6.759,6.847,6.454,6.559,7236598.9
1736467200,6.558,6.81,6.482,6.732,6645927.74
1736553600,6.731,6.878,6.582,6.742,3109598.81
1736640000,6.741,6.817,6.542,6.632,2241615.84
1736726400,6.632,6.808,6,6.396,10199678.51
1736812800,6.397,6.69,6.367,6.665,5174378.72
1736899200,6.668,7.196,6.558,7.165,9177823.38
1736985600,7.166,7.393,6.847,7.15,10781374.02
1737072000,7.154,7.6,7.152,7.503,8017976.75
1737158400,7.504,7.589,6.839,7.043,8528830.03
1737244800,7.043,7.237,6.11,6.247,18463335.53
1737331200,6.246,7.109,6.054,6.381,21982145.76
1737417600,6.381,6.845,6.155,6.622,8255422.94
1737504000,6.623,6.696,6.412,6.447,4674155.01
1737590400,6.447,6.503,6.191,6.351,6958597.48
1737676800,6.351,6.546,6.203,6.32,4639656.86
1737763200,6.319,6.41,6.246,6.323,3418652.69
1737849600,6.323,6.47,6.166,6.177,3801099.68
1737936000,6.176,6.212,5.485,5.953,12932411.15
1738022400,5.953,6.037,5.6,5.649,5048053.65
1738108800,5.648,5.881,5.544,5.768,6047240.35
1738195200,5.767,6.257,5.722,6.125,5322849.22
1738281600,6.125,6.499,6.029,6.321,8668790.29
1738368000,6.322,6.492,5.861,5.905,6999151.58
1738454400,5.906,6.048,4.863,5.153,17423977.29
1738540800,5.155,5.28,3.78,5.176,44336682.05
1738627200,5.177,5.229,4.581,4.742,16164176
1738713600,4.743,4.865,4.628,4.689,6698304.03
1738800000,4.689,4.838,4.441,4.49,6626961.02
1738886400,4.49,4.938,4.459,4.593,9796463.72
1738972800,4.594,4.765,4.499,4.745,4650038.29
1739059200,4.745,4.878,4.511,4.762,7038964.34
1739145600,4.763,4.92,4.608,4.845,7055381.19
1739232000,4.846,5.21,4.749,4.809,9664290.61
1739318400,4.809,5.332,4.752,5.227,15217967.69
1739404800,5.228,5.277,5.067,5.131,6378691.02
1739491200,5.132,5.378,5.1,5.17,6591725.25
1739577600,5.17,5.22,4.976,5.022,4188333.3
1739664000,5.022,5.047,4.826,4.88,3661323.85
1739750400,4.88,5.07,4.776,4.89,6062988.09
1739836800,4.89,4.918,4.56,4.769,7479844.27
1739923200,4.77,4.908,4.699,4.886,4658637.52
1740009600,4.886,5.069,4.881,5.047,6201014.48
1740096000,5.047,5.339,4.952,5.061,11452215.06
1740182400,5.062,5.216,5.025,5.043,5842036.36
1740268800,5.043,5.135,4.905,4.953,3679542.01
1740355200,4.953,4.981,4.336,4.416,9862579.39
1740441600,4.416,4.758,4.138,4.64,19174046.17
1740528000,4.64,4.931,4.591,4.754,12186062.66
1740614400,4.755,5.183,4.714,4.934,13238904.52
1740700800,4.934,4.935,4.454,4.712,14950436.65
1740787200,4.713,4.819,4.525,4.664,6300022.18
1740873600,4.663,5.23,4.568,5.205,14370599.81
1740960000,5.205,5.25,4.435,4.473,14498771.22
1741046400,4.474,4.515,4.017,4.33,16361521.68
1741132800,4.33,4.549,4.278,4.526,7554050.49
1741219200,4.525,4.664,4.343,4.431,7174387.38
1741305600,4.431,4.677,4.213,4.413,12234991.06
1741392000,4.412,4.446,4.26,4.289,4166889.83
1741478400,4.289,4.353,3.978,4.019,8567666.17
1741564800,4.019,4.285,3.775,3.868,11244883.73
1741651200,3.87,4.123,3.65,4.042,11221604.68
1741737600,4.044,4.097,3.847,3.968,9411906.66
1741824000,3.968,4.109,3.826,3.981,7535359.95
1741910400,3.98,4.228,3.969,4.187,7564082.21
1741996800,4.187,4.429,4.186,4.349,4603294.28
1742083200,4.35,4.366,4.183,4.298,4860914.03
1742169600,4.298,4.468,4.298,4.37,4964214.66
1742256000,4.372,4.487,4.232,4.45,4943541.34
1742342400,4.45,4.596,4.438,4.538,7492558.96
1742428800,4.538,4.567,4.327,4.399,4472127.93
1742515200,4.4,4.586,4.378,4.499,5759787.32
1742601600,4.5,4.547,4.415,4.446,3327416.15
1742688000,4.446,4.518,4.4,4.502,2678878.36
1742774400,4.503,4.773,4.469,4.62,5907545.08
1742860800,4.62,4.721,4.582,4.637,3866173.71
1742947200,4.637,4.767,4.596,4.694,5629934.83
1743033600,4.695,4.759,4.495,4.625,5678166.73
1743120000,4.623,4.646,4.242,4.282,5665177.03
1743206400,4.282,4.304,3.996,4.05,4478918.92
1743292800,4.05,4.173,3.985,4.042,3302917.68
1743379200,4.043,4.093,3.949,4.02,4622562.33
1743465600,4.021,4.282,4.015,4.171,4417348.85
1743552000,4.171,4.24,3.911,3.965,6989787.29
1743638400,3.965,4.111,3.845,4.059,5063977.24
1743724800,4.06,4.131,3.946,4.035,4789003.5
1743811200,4.034,4.069,3.897,3.956,2096452.45
1743897600,3.955,3.976,3.601,3.683,6022544.15
1743984000,3.685,3.735,3.282,3.593,15127726.43
1744070400,3.592,3.706,3.342,3.378,5407861.13
1744156800,3.377,3.753,3.25,3.643,11027926.38
1744243200,3.643,3.65,3.389,3.463,7342100.4
1744329600,3.462,3.599,3.45,3.557,5169131.93
1744416000,3.558,3.756,3.525,3.713,4420760.89
1744502400,3.713,3.816,3.615,3.668,6619352.13
1744588800,3.669,3.798,3.633,3.677,5218014.54
1744675200,3.676,3.735,3.516,3.519,4692519.65
1744761600,3.519,3.619,3.469,3.557,4278941.46
1744848000,3.557,3.698,3.54,3.634,3658951.76
1744934400,3.636,3.748,3.613,3.675,2261720.31
1745020800,3.675,3.892,3.645,3.88,2997616.3
1745107200,3.88,3.952,3.787,3.878,3877366.27
1745193600,3.879,3.982,3.771,3.78,4698554.41
1745280000,3.78,4.04,3.689,4.007,7580714.41
1745366400,4.008,4.198,3.999,4.093,7854197.12
1745452800,4.093,4.286,3.929,4.269,6601559.83
1745539200,4.268,4.374,4.215,4.254,6676283.69
1745625600,4.254,4.362,4.201,4.263,4527685.25
1745712000,4.264,4.291,4.056,4.09,5800570.8
1745798400,4.09,4.267,4.009,4.242,5819426.05
1745884800,4.242,4.33,4.101,4.147,3884592.85
1745971200,4.146,4.175,4.026,4.065,4199576.05
1746057600,4.066,4.224,4.064,4.177,3925860.31
1746144000,4.177,4.287,4.126,4.161,3231292.82
1746230400,4.161,4.172,4.012,4.028,2386438.85
1746316800,4.028,4.051,3.894,3.92,4232639.09
1746403200,3.919,4.022,3.884,3.918,3957728.74
1746489600,3.918,3.977,3.823,3.971,4277490.05
1746576000,3.972,4.007,3.88,3.969,2714666.36
1746662400,3.968,4.494,3.966,4.456,8866998.35
1746748800,4.455,4.863,4.434,4.799,11614442.99
1746835200,4.799,5.323,4.797,5.309,11854751.74
1746921600,5.309,5.362,4.954,5.097,8101384.06
1747008000,5.097,5.4,4.89,5.068,9921543.44
1747094400,5.069,5.273,4.823,5.195,6748215.11
1747180800,5.194,5.267,4.947,4.98,5284499.6
1747267200,4.981,5.028,4.679,4.779,7496534.85
1747353600,4.778,4.956,4.711,4.755,4420510.08
1747440000,4.755,4.768,4.557,4.612,3799964.46
1747526400,4.613,4.921,4.508,4.793,4741500.76
1747612800,4.794,4.821,4.412,4.596,5563926.25
1747699200,4.597,4.727,4.519,4.677,4133769.06
1747785600,4.677,4.877,4.612,4.74,6374820.22
1747872000,4.741,4.977,4.732,4.948,4934402.45
1747958400,4.948,5.12,4.531,4.561,10214231.78
1748044800,4.562,4.633,4.511,4.545,3091142.26
1748131200,4.546,4.564,4.35,4.523,3942315.1
1748217600,4.523,4.617,4.426,4.468,3794527.16
1748304000,4.468,4.614,4.373,4.535,3874357.43
1748390400,4.536,4.661,4.419,4.587,4289732.2
1748476800,4.588,4.682,4.33,4.332,4814923.2
1748563200,4.333,4.358,4.008,4.049,8486843.25
1748649600,4.049,4.121,3.895,4.076,5429234.96
1748736000,4.077,4.102,3.971,4.066,2555495.93
1748822400,4.066,4.171,3.952,4.148,3601436.52
1748908800,4.149,4.223,4.097,4.137,3668892.34
1748995200,4.137,4.214,3.985,4.006,5036516.92
1749081600,4.006,4.078,3.742,3.814,6640572.84
1749168000,3.814,3.992,3.802,3.884,3530206.93
1749254400,3.886,4.058,3.868,4.031,2274474.36
1749340800,4.031,4.112,3.977,4.025,2726928.43
1749427200,4.026,4.162,3.963,4.151,4628656.78
1749513600,4.152,4.317,4.097,4.294,6662210.27
1749600000,4.295,4.346,4.146,4.189,5328497.22
1749686400,4.188,4.204,3.907,3.919,5999705.47
1749772800,3.919,3.919,3.664,3.838,9117736.81
1749859200,3.838,3.846,3.716,3.781,2930108.58
1749945600,3.782,3.834,3.735,3.821,1774308.52
1750032000,3.821,3.991,3.786,3.847,4011866.39
1750118400,3.846,3.897,3.663,3.719,5144535.08
1750204800,3.719,3.786,3.572,3.622,6307506.25
1750291200,3.622,3.657,3.496,3.548,6333647.02
1750377600,3.547,3.577,3.33,3.437,7730014.2
1750464000,3.437,3.508,3.209,3.324,5927367.37
1750550400,3.325,3.363,3.007,3.153,11019675.81
1750636800,3.153,3.421,3.111,3.416,8879579.75
1750723200,3.416,3.525,3.385,3.439,4687786.75
1750809600,3.438,3.465,3.341,3.352,3894305.42
1750896000,3.352,3.433,3.271,3.299,3980149.78
1750982400,3.299,3.394,3.274,3.359,3955846.51
1751068800,3.36,3.426,3.33,3.407,1866680.64
1751155200,3.408,3.582,3.379,3.541,2800833.68
1751241600,3.542,3.56,3.352,3.397,3677669.93
1751328000,3.397,3.42,3.256,3.281,3435357.79
1751414400,3.28,3.625,3.241,3.545,6939908.98
1751500800,3.545,3.665,3.499,3.539,5719860.72
1751587200,3.539,3.561,3.313,3.358,5659272.37
1751673600,3.358,3.39,3.308,3.356,2237505.07
1751760000,3.356,3.448,3.328,3.395,3771010.63
1751846400,3.395,3.437,3.323,3.369,2853677.78
1751932800,3.369,3.477,3.327,3.448,3238505.57
1752019200,3.448,3.659,3.417,3.62,5645429.86
1752105600,3.62,3.893,3.59,3.881,7702932.38
1752192000,3.882,4.11,3.81,3.907,11587795.88
1752278400,3.906,4.065,3.796,3.891,6362410.61
1752364800,3.891,4.067,3.876,3.984,4490493.77
1752451200,3.986,4.196,3.901,3.95,7927204.23
1752537600,3.951,4.099,3.8,4.083,7487065.71
1752624000,4.082,4.269,4.011,4.156,8644793.78
1752710400,4.156,4.303,4.065,4.26,10269842.37
1752796800,4.26,4.624,4.137,4.227,15308346.29
1752883200,4.228,4.454,4.133,4.409,5326771.73
1752969600,4.41,4.587,4.348,4.48,8442881.82
1753056000,4.48,4.673,4.395,4.499,10863654.36
1753142400,4.499,4.554,4.279,4.549,12364489.73
1753228800,4.551,4.551,4,4.113,13057291.53
1753315200,4.114,4.202,3.894,4,13015319.69
1753401600,4.001,4.1,3.863,4.088,8036783.72
1753488000,4.088,4.195,4.069,4.124,3803852.35
1753574400,4.124,4.25,4.113,4.24,3861788.18
1753660800,4.239,4.309,3.93,3.965,8173653.83
1753747200,3.965,4.084,3.82,3.905,8196464.85
1753833600,3.905,3.921,3.626,3.805,9521746.16
1753920000,3.807,3.921,3.665,3.682,6961247.47
1754006400,3.682,3.723,3.446,3.547,12325057.3
1754092800,3.547,3.631,3.427,3.509,7331432.98
1754179200,3.508,3.627,3.459,3.602,4271487.01
1754265600,3.603,3.757,3.597,3.72,5254660.42
1754352000,3.72,3.725,3.538,3.621,4867850.77
1754438400,3.62,3.696,3.553,3.673,4176179.49
1754524800,3.673,3.872,3.644,3.867,6942776.28
1754611200,3.867,3.998,3.809,3.979,9301135.78
1754697600,3.98,4.167,3.971,4.138,6335022.21
1754784000,4.138,4.181,3.965,4.046,6706646.13
1754870400,4.047,4.158,3.817,3.854,8300985.31
1754956800,3.854,4.234,3.837,4.157,9675655.97
1755043200,4.157,4.317,4.097,4.276,10297928.08
1755129600,4.277,4.371,3.903,3.986,15790612.61
1755216000,3.985,4.103,3.812,3.896,10343199.92
1755302400,3.895,3.997,3.89,3.966,3322722.85
1755388800,3.965,4.193,3.923,4.051,6055265.18
1755475200,4.052,4.062,3.83,3.914,9368368.75
1755561600,3.915,3.96,3.712,3.719,7305952.56
1755648000,3.72,3.905,3.697,3.884,6469886.1
1755734400,3.884,3.923,3.773,3.797,3624305.24
1755820800,3.797,4.207,3.69,4.18,13159075.02
1755907200,4.181,4.265,4.026,4.228,7634548.17
1755993600,4.228,4.283,4.013,4.11,10514865.37
1756080000,4.11,4.146,3.689,3.734,12839625.21
1756166400,3.733,3.923,3.708,3.887,5875192.67
1756252800,3.887,3.934,3.824,3.837,5843493.47
1756339200,3.837,4.021,3.807,3.981,9442655.7
1756425600,3.98,4.002,3.724,3.774,11616215.46
1756512000,3.775,3.825,3.712,3.811,3739627.01
1756598400,3.81,3.875,3.735,3.742,5058032.28
1756684800,3.742,3.887,3.612,3.693,9277624.68
1756771200,3.694,3.826,3.676,3.82,5209474.46
1756857600,3.819,3.906,3.786,3.865,3962287.04
1756944000,3.866,3.877,3.725,3.764,3587924.75
1757030400,3.764,3.894,3.757,3.828,5370012.94
1757116800,3.827,3.885,3.782,3.823,2898761.54
1757203200,3.824,4.089,3.822,3.995,8531584.81
1757289600,3.996,4.082,3.981,4.045,8214086.86
1757376000,4.045,4.182,4.004,4.14,9473367.09
1757462400,4.139,4.227,4.054,4.216,8171709.85
1757548800,4.216,4.26,4.119,4.242,6936262.84
